ID,Supersection,carbon_metric_tons
1,Northern California Coast,51.139050423697704
2,Sierra Nevada,39.84342328433063
3,Southern Cascades,35.01281720972383
4,Northern California Coast,51.139050423697704
5,Southern Cascades,19.640227694259668
6,Southern Cascades,21.87393002815114
7,Northern California Coast,51.139050423697704
8,Northern California Coast,51.139050423697704
9,Southern Cascades,35.01281720972383
10,Southern Cascades,35.01281720972383
11,Southern Cascades,35.01281720972383
12,Northern California Coast,51.139050423697704
13,Northern California Coast,51.139050423697704
14,California Central Valley Basin,12.094675776424985
15,Central California Coast,25.387922776547775
16,Sierra Nevada,39.84342328433063
17,Sierra Nevada,39.84342328433063
18,Sierra Nevada,39.84342328433063
19,Sierra Nevada,39.84342328433063
20,Sierra Nevada,39.84342328433063
21,Southern Cascades,35.01281720972383
22,Southern Cascades,21.87393002815114
23,Sierra Nevada,39.84342328433063
24,Southern Cascades,21.87393002815114
25,Sierra Nevada,21.083961686047175
26,Sierra Nevada,33.94136665160335
27,Sierra Nevada Foothills,8.943886166741473
28,Sierra Nevada Foothills,8.943886166741473
29,Southern Cascades,35.01281720972383
30,Northern California Coast,51.139050423697704
31,Southern Cascades,35.01281720972383
32,Sierra Nevada,33.94136665160335
33,Sierra Nevada,39.84342328433063
34,Sierra Nevada,33.94136665160335
35,Sierra Nevada,39.84342328433063
36,Sierra Nevada,39.84342328433063
37,Sierra Nevada,39.84342328433063
38,Sierra Nevada,39.84342328433063
39,Sierra Nevada,21.083961686047175
40,Sierra Nevada,39.84342328433063
41,Sierra Nevada,39.84342328433063
42,Sierra Nevada,21.083961686047175
43,Sierra Nevada,33.94136665160335
44,Sierra Nevada,39.84342328433063
45,Sierra Nevada,21.083961686047175
46,Southern Cascades,35.01281720972383
47,Northern California Coast,51.139050423697704
48,Northern California Coast,51.139050423697704
49,Northern California Coast,51.139050423697704
50,Northern California Coast,51.139050423697704
51,Northern California Coast,51.139050423697704
52,Northern California Coast,51.139050423697704
53,Southern Cascades,35.01281720972383
54,Southern Cascades,35.01281720972383
55,Northern California Coast,51.139050423697704
56,Northern California Coast,51.139050423697704
57,Northern California Coast,51.139050423697704
58,Northern California Coast,51.139050423697704
59,Northern California Coast,51.139050423697704
60,Southern Cascades,35.01281720972383
61,Southern Cascades,35.01281720972383
62,Southern Cascades,35.01281720972383
63,Southern Cascades,35.01281720972383
64,Southern Cascades,35.01281720972383
65,Northern California Coast,51.139050423697704
66,Northern California Coast,51.139050423697704
67,Southern Cascades,21.87393002815114
68,Southern Cascades,21.87393002815114
69,Sierra Nevada,33.94136665160335
70,Southern Cascades,35.01281720972383
71,Southern Cascades,35.01281720972383
72,Southern Cascades,35.01281720972383
73,Southern Cascades,35.01281720972383
74,Southern Cascades,35.01281720972383
75,Modoc Plateau,11.431829831787505
76,Southern Cascades,35.01281720972383
77,Southern Cascades,35.01281720972383
78,Sierra Nevada,39.84342328433063
79,Southern Cascades,35.01281720972383
80,Modoc Plateau,11.431829831787505
81,Southern Cascades,35.01281720972383
82,Southern Cascades,35.01281720972383
83,Modoc Plateau,11.431829831787505
84,Southern Cascades,19.640227694259668
85,Southern Cascades,35.01281720972383
86,Southern California Mountains,18.087533626802795
87,Sierra Nevada,39.84342328433063
88,Sierra Nevada,39.84342328433063
89,Sierra Nevada Foothills,8.943886166741473
90,Sierra Nevada,39.84342328433063
91,Northern California Coast,51.139050423697704
92,Northern California Coast,51.139050423697704
93,Northern California Coast,51.139050423697704
94,Southern Cascades,21.87393002815114
95,Northern California Coast,51.139050423697704
96,Southern Cascades,35.01281720972383
97,Southern Cascades,21.87393002815114
98,Northern California Coast,51.139050423697704
99,Northern California Coast,51.139050423697704
100,Northern California Coast,51.139050423697704
101,Southern Cascades,35.01281720972383
102,Northern California Coast,51.139050423697704
103,Northern California Coast,51.139050423697704
104,Northern California Coast,51.139050423697704
105,Northern California Coast,51.139050423697704
106,Northern California Coast,51.139050423697704
107,Modoc Plateau,11.431829831787505
108,Modoc Plateau,11.431829831787505
109,Western Basin and Range,0
110,Sierra Nevada,33.94136665160335
111,Central California Coast,25.387922776547775
112,Sierra Nevada,39.84342328433063
113,Sierra Nevada,39.84342328433063
114,Sierra Nevada,39.84342328433063
115,Sierra Nevada,21.083961686047175
116,Sierra Nevada,39.84342328433063
117,Sierra Nevada,39.84342328433063
118,Sierra Nevada,39.84342328433063
119,Sierra Nevada,39.84342328433063
120,Sierra Nevada,21.083961686047175
121,Sierra Nevada,39.84342328433063
122,Sierra Nevada,33.94136665160335
123,Southern Cascades,35.01281720972383
124,Sierra Nevada,39.84342328433063
125,Sierra Nevada,33.94136665160335
126,Sierra Nevada,39.84342328433063
127,Sierra Nevada,33.94136665160335
128,Sierra Nevada,39.84342328433063
129,Sierra Nevada,39.84342328433063
130,Southern Cascades,19.640227694259668
131,Sierra Nevada,39.84342328433063
132,Sierra Nevada,39.84342328433063
133,Sierra Nevada,39.84342328433063
134,Sierra Nevada,39.84342328433063
135,Sierra Nevada,39.84342328433063
136,Southern Cascades,35.01281720972383
137,Sierra Nevada,33.94136665160335
138,Sierra Nevada,39.84342328433063
139,Sierra Nevada,39.84342328433063
140,Sierra Nevada,39.84342328433063
141,Sierra Nevada,9.742933071910207
142,Southern California Mountains,18.087533626802795
143,Southern California Mountains,0.9806494487129571
144,Southern California Mountains,0.9806494487129571
145,Central California Coast,25.387922776547775
146,California Central Valley Basin,12.094675776424985
147,Central California Coast,76.46341286745687
148,Central California Coast,76.46341286745687
149,Central California Coast,25.387922776547775
150,Central California Coast,76.46341286745687
151,Central California Coast,76.46341286745687
152,Southern Cascades,35.01281720972383
153,Southern Cascades,35.01281720972383
154,Southern Cascades,21.87393002815114
155,Southern Cascades,35.01281720972383
156,Southern Cascades,35.01281720972383
157,Southern Cascades,35.01281720972383
158,Southern Cascades,35.01281720972383
159,Southern Cascades,35.01281720972383
160,Southern Cascades,35.01281720972383
161,Southern Cascades,21.87393002815114
162,Southern Cascades,35.01281720972383
163,Southern Cascades,35.01281720972383
164,Southern Cascades,35.01281720972383
165,Southern Cascades,35.01281720972383
166,Southern Cascades,35.01281720972383
167,Southern Cascades,35.01281720972383
168,Sierra Nevada,39.84342328433063
169,Sierra Nevada,39.84342328433063
170,Sierra Nevada,39.84342328433063
171,Sierra Nevada,39.84342328433063
172,Sierra Nevada,39.84342328433063
173,Sierra Nevada,9.742933071910207
174,Sierra Nevada,39.84342328433063
175,Southern Cascades,19.640227694259668
176,Southern Cascades,35.01281720972383
177,Southern Cascades,35.01281720972383
178,Southern Cascades,35.01281720972383
179,Southern Cascades,19.640227694259668
180,Southern Cascades,35.01281720972383
181,Southern Cascades,35.01281720972383
182,Southern Cascades,35.01281720972383
183,Southern Cascades,35.01281720972383
184,Southern Cascades,35.01281720972383
185,Southern Cascades,35.01281720972383
186,Southern Cascades,35.01281720972383
187,Southern Cascades,35.01281720972383
188,Southern Cascades,35.01281720972383
189,Southern Cascades,35.01281720972383
190,Southern Cascades,35.01281720972383
191,Southern Cascades,35.01281720972383
192,Southern Cascades,35.01281720972383
193,Southern Cascades,35.01281720972383
194,Southern Cascades,35.01281720972383
195,Southern Cascades,35.01281720972383
196,Northern California Coast,51.139050423697704
197,Northern California Coast,51.139050423697704
198,Northern California Coast,51.139050423697704
199,Northern California Coast,51.139050423697704
200,Southern Cascades,35.01281720972383
201,Southern Cascades,35.01281720972383
202,Southern Cascades,35.01281720972383
203,Southern Cascades,35.01281720972383
204,Southern Cascades,35.01281720972383
205,Southern Cascades,35.01281720972383
206,Southern Cascades,35.01281720972383
207,Southern Cascades,35.01281720972383
208,Sierra Nevada Foothills,8.943886166741473
209,Southern Cascades,35.01281720972383
210,Southern Cascades,35.01281720972383
211,Southern Cascades,35.01281720972383
212,Southern Cascades,35.01281720972383
213,Southern Cascades,35.01281720972383
214,Southern Cascades,35.01281720972383
215,Southern Cascades,35.01281720972383
216,Southern Cascades,35.01281720972383
217,Southern Cascades,35.01281720972383
218,Southern Cascades,19.640227694259668
219,Southern Cascades,35.01281720972383
220,Southern Cascades,35.01281720972383
221,Southern Cascades,35.01281720972383
222,Southern Cascades,35.01281720972383
223,Southern Cascades,35.01281720972383
224,Southern Cascades,35.01281720972383
225,Southern Cascades,35.01281720972383
226,Southern Cascades,35.01281720972383
227,Southern Cascades,35.01281720972383
228,Southern Cascades,35.01281720972383
229,Southern Cascades,35.01281720972383
230,Southern Cascades,21.87393002815114
231,Sierra Nevada,39.84342328433063
232,Sierra Nevada,39.84342328433063
233,Sierra Nevada,21.083961686047175
234,Sierra Nevada,21.083961686047175
235,Sierra Nevada,39.84342328433063
236,Sierra Nevada,39.84342328433063
237,Sierra Nevada,39.84342328433063
238,Sierra Nevada,33.94136665160335
239,Sierra Nevada,21.083961686047175
240,Sierra Nevada,39.84342328433063
241,Sierra Nevada,39.84342328433063
242,Sierra Nevada,39.84342328433063
243,Central California Coast,25.387922776547775
244,Southern Cascades,35.01281720972383
245,Southern Cascades,19.640227694259668
246,Northern California Coast,51.139050423697704
247,Sierra Nevada,39.84342328433063
248,Sierra Nevada,39.84342328433063
249,Sierra Nevada,21.083961686047175
250,Sierra Nevada,39.84342328433063
251,Sierra Nevada,39.84342328433063
252,Sierra Nevada,39.84342328433063
253,Southern Cascades,35.01281720972383
254,Sierra Nevada,21.083961686047175
255,Sierra Nevada,33.94136665160335
256,Sierra Nevada,39.84342328433063
257,Sierra Nevada,21.083961686047175
258,Sierra Nevada,39.84342328433063
259,Sierra Nevada,39.84342328433063
260,Sierra Nevada,33.94136665160335
261,Sierra Nevada Foothills,8.943886166741473
262,Northern California Coast,51.139050423697704
263,Southern Cascades,35.01281720972383
264,Northern California Coast,51.139050423697704
265,Sierra Nevada,39.84342328433063
266,Sierra Nevada,39.84342328433063
267,Sierra Nevada,21.083961686047175
268,Sierra Nevada,39.84342328433063
269,Sierra Nevada,21.083961686047175
270,Sierra Nevada,21.083961686047175
271,Sierra Nevada,39.84342328433063
272,Sierra Nevada,39.84342328433063
273,Sierra Nevada,39.84342328433063
274,Sierra Nevada,39.84342328433063
275,Sierra Nevada,39.84342328433063
276,Sierra Nevada,39.84342328433063
277,Sierra Nevada,39.84342328433063
278,Sierra Nevada,33.94136665160335
279,Sierra Nevada,39.84342328433063
280,Southern Cascades,35.01281720972383
281,Southern Cascades,35.01281720972383
282,Northern California Coast,51.139050423697704
283,Southern Cascades,21.87393002815114
284,Northern California Coast,51.139050423697704
285,Southern Cascades,35.01281720972383
286,Southern Cascades,35.01281720972383
287,Southern Cascades,35.01281720972383
288,Northern California Coast,51.139050423697704
289,Southern Cascades,35.01281720972383
290,Southern Cascades,35.01281720972383
291,Northern California Coast,51.139050423697704
292,Southern Cascades,35.01281720972383
293,Southern Cascades,35.01281720972383
294,Northern California Coast,51.139050423697704
295,Sierra Nevada,39.84342328433063
296,Sierra Nevada,33.94136665160335
297,Modoc Plateau,11.431829831787505
298,Sierra Nevada,39.84342328433063
299,Southern Cascades,19.640227694259668
300,Sierra Nevada,39.84342328433063
301,Southern Cascades,35.01281720972383
302,Southern Cascades,19.640227694259668
303,Southern Cascades,35.01281720972383
304,Southern Cascades,35.01281720972383
305,Modoc Plateau,11.431829831787505
306,Southern Cascades,35.01281720972383
307,Modoc Plateau,6.410541459897869
308,Modoc Plateau,11.431829831787505
309,Sierra Nevada,39.84342328433063
310,Sierra Nevada,39.84342328433063
311,Sierra Nevada,39.84342328433063
312,Sierra Nevada,33.94136665160335
313,Sierra Nevada,39.84342328433063
314,Sierra Nevada,21.083961686047175
315,Sierra Nevada,21.083961686047175
316,Sierra Nevada,21.083961686047175
317,Sierra Nevada,21.083961686047175
318,Northern California Coast,51.139050423697704
319,Northern California Coast,51.139050423697704
320,Southern Cascades,35.01281720972383
321,Southern Cascades,21.87393002815114
322,Northern California Coast,29.33776275517837
323,Northern California Coast,51.139050423697704
324,Northern California Coast,51.139050423697704
325,Northern California Coast,51.139050423697704
326,Northern California Coast,51.139050423697704
327,Southern Cascades,35.01281720972383
328,Modoc Plateau,11.431829831787505
329,Modoc Plateau,11.431829831787505
330,Modoc Plateau,11.431829831787505
331,Modoc Plateau,6.410541459897869
332,Western Basin and Range,0
333,Sierra Nevada,9.742933071910207
334,Western Basin and Range,0
335,Western Basin and Range,0
336,Northern California Coast,51.139050423697704
337,California Central Valley Basin,12.094675776424985
338,Northern California Coast,29.33776275517837
339,Sierra Nevada,39.84342328433063
340,Sierra Nevada,39.84342328433063
341,Sierra Nevada,39.84342328433063
342,Sierra Nevada,33.94136665160335
343,Sierra Nevada,39.84342328433063
344,Sierra Nevada Foothills,8.943886166741473
345,Sierra Nevada,33.94136665160335
346,Sierra Nevada,39.84342328433063
347,Sierra Nevada,39.84342328433063
348,Southern Cascades,19.640227694259668
349,Sierra Nevada,39.84342328433063
350,Sierra Nevada,39.84342328433063
351,Southern Cascades,35.01281720972383
352,Sierra Nevada,39.84342328433063
353,Sierra Nevada,39.84342328433063
354,Sierra Nevada,39.84342328433063
355,Sierra Nevada,39.84342328433063
356,Sierra Nevada,39.84342328433063
357,Sierra Nevada,39.84342328433063
358,Sierra Nevada,39.84342328433063
359,Southern Cascades,19.640227694259668
360,Sierra Nevada,33.94136665160335
361,Sierra Nevada,39.84342328433063
362,Sierra Nevada,39.84342328433063
363,Southern Cascades,35.01281720972383
364,California Central Valley Basin,12.094675776424985
365,Central California Coast,76.46341286745687
366,California Central Valley Basin,12.094675776424985
367,Central California Coast,76.46341286745687
368,Central California Coast,25.387922776547775
369,Southern Cascades,19.640227694259668
370,Southern Cascades,35.01281720972383
371,Southern Cascades,19.640227694259668
372,Southern Cascades,35.01281720972383
373,Southern Cascades,19.640227694259668
374,Southern Cascades,35.01281720972383
375,Southern Cascades,21.87393002815114
376,Southern Cascades,35.01281720972383
377,Southern Cascades,35.01281720972383
378,Southern Cascades,35.01281720972383
379,Sierra Nevada,39.84342328433063
380,Sierra Nevada,39.84342328433063
381,Sierra Nevada,33.94136665160335
382,Sierra Nevada,39.84342328433063
383,Southern Cascades,35.01281720972383
384,Southern Cascades,35.01281720972383
385,Southern Cascades,19.640227694259668
386,Southern Cascades,19.640227694259668
387,Southern Cascades,35.01281720972383
388,Southern Cascades,19.640227694259668
389,Southern Cascades,35.01281720972383
390,Southern Cascades,35.01281720972383
391,Southern Cascades,35.01281720972383
392,Southern Cascades,19.640227694259668
393,Southern Cascades,35.01281720972383
394,Southern Cascades,35.01281720972383
395,Southern Cascades,35.01281720972383
396,Southern Cascades,35.01281720972383
397,Southern Cascades,35.01281720972383
398,Southern Cascades,35.01281720972383
399,Southern Cascades,35.01281720972383
400,Southern Cascades,35.01281720972383
401,Southern Cascades,21.87393002815114
402,Southern Cascades,35.01281720972383
403,Southern Cascades,35.01281720972383
404,Southern Cascades,35.01281720972383
405,Southern Cascades,19.640227694259668
406,Southern Cascades,35.01281720972383
407,Southern Cascades,35.01281720972383
408,Modoc Plateau,11.431829831787505
409,Southern Cascades,35.01281720972383
410,Southern Cascades,19.640227694259668
411,Southern Cascades,19.640227694259668
412,Southern Cascades,35.01281720972383
413,Southern Cascades,19.640227694259668
414,Southern Cascades,19.640227694259668
415,Northern California Coast,51.139050423697704
416,Northern California Coast,51.139050423697704
417,Northern California Coast,51.139050423697704
418,Southern Cascades,35.01281720972383
419,Southern Cascades,35.01281720972383
420,Southern Cascades,35.01281720972383
421,Southern Cascades,35.01281720972383
422,Southern Cascades,35.01281720972383
423,Southern Cascades,35.01281720972383
424,Southern Cascades,21.87393002815114
425,Southern Cascades,35.01281720972383
426,Southern Cascades,19.640227694259668
427,Southern Cascades,35.01281720972383
428,Southern Cascades,35.01281720972383
429,Southern Cascades,35.01281720972383
430,Southern Cascades,35.01281720972383
431,Southern Cascades,35.01281720972383
432,Southern Cascades,35.01281720972383
433,Southern Cascades,35.01281720972383
434,Southern Cascades,21.87393002815114
435,Southern Cascades,35.01281720972383
436,Southern Cascades,35.01281720972383
437,Southern Cascades,35.01281720972383
438,Southern Cascades,35.01281720972383
439,Sierra Nevada,39.84342328433063
440,Sierra Nevada,39.84342328433063
441,Sierra Nevada,39.84342328433063
442,Sierra Nevada,39.84342328433063
443,Sierra Nevada,21.083961686047175
444,Sierra Nevada,39.84342328433063
445,Sierra Nevada,33.94136665160335
446,Sierra Nevada,33.94136665160335
447,Sierra Nevada,39.84342328433063
448,Sierra Nevada,39.84342328433063
449,Sierra Nevada,39.84342328433063
450,Southern Cascades,35.01281720972383
451,Southern Cascades,35.01281720972383
452,Southern Cascades,35.01281720972383
453,Southern California Mountains,0.9806494487129571
454,Sierra Nevada,39.84342328433063
455,Northern California Coast,51.139050423697704
456,Southern Cascades,35.01281720972383
457,Southern Cascades,35.01281720972383
458,Northern California Coast,51.139050423697704
459,Northern California Coast,51.139050423697704
460,Northern California Coast,51.139050423697704
461,Modoc Plateau,6.410541459897869
462,Modoc Plateau,11.431829831787505
463,Sierra Nevada,39.84342328433063
464,Sierra Nevada,39.84342328433063
465,Central California Coast,25.387922776547775
466,Southern Cascades,21.87393002815114
467,Southern Cascades,35.01281720972383
468,Southern Cascades,35.01281720972383
469,Sierra Nevada Foothills,8.943886166741473
470,Sierra Nevada,39.84342328433063
471,Sierra Nevada,21.083961686047175
472,Sierra Nevada Foothills,8.943886166741473
473,Sierra Nevada,39.84342328433063
474,Sierra Nevada,33.94136665160335
475,Sierra Nevada,39.84342328433063
476,Sierra Nevada,39.84342328433063
477,Sierra Nevada,39.84342328433063
478,Sierra Nevada,21.083961686047175
479,Sierra Nevada,39.84342328433063
480,Southern Cascades,35.01281720972383
481,Southern Cascades,35.01281720972383
482,Southern Cascades,35.01281720972383
483,Northern California Coast,51.139050423697704
484,Sierra Nevada,39.84342328433063
485,Sierra Nevada,33.94136665160335
486,Sierra Nevada,21.083961686047175
487,Sierra Nevada,39.84342328433063
488,Sierra Nevada,39.84342328433063
489,Sierra Nevada,39.84342328433063
490,Sierra Nevada,39.84342328433063
491,Sierra Nevada,39.84342328433063
492,Sierra Nevada,39.84342328433063
493,Sierra Nevada,33.94136665160335
494,Sierra Nevada,33.94136665160335
495,Sierra Nevada,33.94136665160335
496,Southern Cascades,21.87393002815114
497,Southern Cascades,35.01281720972383
498,Northern California Coast,51.139050423697704
499,Southern Cascades,35.01281720972383
500,Southern Cascades,35.01281720972383
501,Northern California Coast,51.139050423697704
502,Southern Cascades,35.01281720972383
503,Southern Cascades,35.01281720972383
504,Southern Cascades,35.01281720972383
505,Southern Cascades,35.01281720972383
506,Northern California Coast,51.139050423697704
507,Northern California Coast,51.139050423697704
508,Southern Cascades,35.01281720972383
509,Southern Cascades,35.01281720972383
510,Northern California Coast,51.139050423697704
511,Northern California Coast,51.139050423697704
512,Northern California Coast,51.139050423697704
513,Southern Cascades,35.01281720972383
514,Sierra Nevada,9.742933071910207
515,Sierra Nevada,39.84342328433063
516,Southern Cascades,35.01281720972383
517,Southern Cascades,35.01281720972383
518,Modoc Plateau,11.431829831787505
519,Sierra Nevada,39.84342328433063
520,Southern Cascades,19.640227694259668
521,Modoc Plateau,11.431829831787505
522,Southern Cascades,35.01281720972383
523,Southern Cascades,35.01281720972383
524,Southern Cascades,35.01281720972383
525,Southern Cascades,35.01281720972383
526,Sierra Nevada,39.84342328433063
527,Modoc Plateau,11.431829831787505
528,Southern California Mountains,0.9806494487129571
529,Sierra Nevada,39.84342328433063
530,Sierra Nevada,39.84342328433063
531,Sierra Nevada,21.083961686047175
532,Sierra Nevada Foothills,8.943886166741473
533,Sierra Nevada,39.84342328433063
534,Northern California Coast,51.139050423697704
535,Northern California Coast,51.139050423697704
536,Northern California Coast,51.139050423697704
537,Northern California Coast,51.139050423697704
538,Southern Cascades,21.87393002815114
539,Northern California Coast,51.139050423697704
540,Southern Cascades,35.01281720972383
541,Southern Cascades,35.01281720972383
542,Southern Cascades,35.01281720972383
543,Northern California Coast,51.139050423697704
544,Northern California Coast,51.139050423697704
545,Northern California Coast,51.139050423697704
546,Southern Cascades,21.87393002815114
547,Southern Cascades,21.87393002815114
548,Northern California Coast,51.139050423697704
549,Southern Cascades,21.87393002815114
550,Northern California Coast,51.139050423697704
551,Northern California Coast,51.139050423697704
552,Northern California Coast,51.139050423697704
553,Northern California Coast,51.139050423697704
554,Northern California Coast,51.139050423697704
555,Southern Cascades,35.01281720972383
556,Modoc Plateau,6.410541459897869
557,Southern Cascades,35.01281720972383
558,Modoc Plateau,11.431829831787505
559,Modoc Plateau,11.431829831787505
560,Modoc Plateau,11.431829831787505
561,Modoc Plateau,6.410541459897869
562,Sierra Nevada,33.94136665160335
563,Sierra Nevada,39.84342328433063
564,Western Basin and Range,0
565,Western Basin and Range,0
566,Western Basin and Range,0
567,Central California Coast,76.46341286745687
568,Sierra Nevada,33.94136665160335
569,Sierra Nevada,39.84342328433063
570,Sierra Nevada,39.84342328433063
571,Sierra Nevada,21.083961686047175
572,Sierra Nevada,39.84342328433063
573,Sierra Nevada,39.84342328433063
574,Sierra Nevada,33.94136665160335
575,Sierra Nevada,39.84342328433063
576,Sierra Nevada,21.083961686047175
577,Sierra Nevada,33.94136665160335
578,Southern Cascades,35.01281720972383
579,Southern Cascades,19.640227694259668
580,Sierra Nevada,39.84342328433063
581,Sierra Nevada,33.94136665160335
582,Sierra Nevada,39.84342328433063
583,Sierra Nevada,21.083961686047175
584,Sierra Nevada,33.94136665160335
585,Sierra Nevada,9.742933071910207
586,Sierra Nevada,39.84342328433063
587,Southern Cascades,35.01281720972383
588,Sierra Nevada,39.84342328433063
589,Sierra Nevada,39.84342328433063
590,Sierra Nevada,39.84342328433063
591,Sierra Nevada,39.84342328433063
592,Southern Cascades,35.01281720972383
593,Southern California Mountains,18.087533626802795
594,Southern California Mountains,18.087533626802795
595,Southern California Coast,19.30426544040849
596,Southern California Mountains,18.087533626802795
597,Central California Coast,25.387922776547775
598,Central California Coast,76.46341286745687
599,Central California Coast,76.46341286745687
600,Southern Cascades,19.640227694259668
601,Southern Cascades,21.87393002815114
602,Southern Cascades,35.01281720972383
603,Southern Cascades,35.01281720972383
604,Southern Cascades,35.01281720972383
605,Southern Cascades,35.01281720972383
606,Southern Cascades,35.01281720972383
607,Southern Cascades,21.87393002815114
608,Southern Cascades,35.01281720972383
609,Southern Cascades,19.640227694259668
610,Southern Cascades,35.01281720972383
611,Southern Cascades,35.01281720972383
612,Southern Cascades,35.01281720972383
613,Southern Cascades,35.01281720972383
614,Sierra Nevada,39.84342328433063
615,Sierra Nevada,33.94136665160335
616,Sierra Nevada,33.94136665160335
617,Sierra Nevada,33.94136665160335
618,Sierra Nevada,33.94136665160335
619,Sierra Nevada,39.84342328433063
620,Sierra Nevada,39.84342328433063
621,Sierra Nevada,39.84342328433063
622,Sierra Nevada,33.94136665160335
623,Sierra Nevada,39.84342328433063
624,Sierra Nevada,39.84342328433063
625,Southern Cascades,35.01281720972383
626,Southern Cascades,35.01281720972383
627,Southern Cascades,35.01281720972383
628,Southern Cascades,35.01281720972383
629,Southern Cascades,19.640227694259668
630,Southern Cascades,35.01281720972383
631,Southern Cascades,35.01281720972383
632,Southern Cascades,21.87393002815114
633,Southern Cascades,35.01281720972383
634,Southern Cascades,35.01281720972383
635,Southern Cascades,19.640227694259668
636,Southern Cascades,35.01281720972383
637,Southern Cascades,35.01281720972383
638,Southern Cascades,19.640227694259668
639,Southern Cascades,35.01281720972383
640,Southern Cascades,21.87393002815114
641,Southern Cascades,35.01281720972383
642,Southern Cascades,35.01281720972383
643,Southern Cascades,35.01281720972383
644,Southern Cascades,35.01281720972383
645,Southern Cascades,35.01281720972383
646,Southern Cascades,35.01281720972383
647,Southern Cascades,19.640227694259668
648,Southern Cascades,35.01281720972383
649,Southern Cascades,19.640227694259668
650,Southern Cascades,35.01281720972383
651,Southern Cascades,35.01281720972383
652,Northern California Coast,51.139050423697704
653,Northern California Coast,51.139050423697704
654,Northern California Coast,51.139050423697704
655,Northern California Coast,29.33776275517837
656,Southern Cascades,35.01281720972383
657,Southern Cascades,35.01281720972383
658,Southern Cascades,35.01281720972383
659,Southern Cascades,35.01281720972383
660,Southern Cascades,35.01281720972383
661,Southern Cascades,21.87393002815114
662,Southern Cascades,35.01281720972383
663,Southern Cascades,35.01281720972383
664,Southern Cascades,35.01281720972383
665,Southern Cascades,35.01281720972383
666,Southern Cascades,35.01281720972383
667,Southern Cascades,35.01281720972383
668,Southern Cascades,35.01281720972383
669,Southern Cascades,35.01281720972383
670,Southern Cascades,35.01281720972383
671,Southern Cascades,35.01281720972383
672,Southern Cascades,35.01281720972383
673,Sierra Nevada,39.84342328433063
674,Sierra Nevada,39.84342328433063
675,Sierra Nevada Foothills,8.943886166741473
676,Sierra Nevada,33.94136665160335
677,Sierra Nevada,21.083961686047175
678,Sierra Nevada,39.84342328433063
679,Sierra Nevada,39.84342328433063
680,Sierra Nevada,39.84342328433063
681,Sierra Nevada,39.84342328433063
682,Sierra Nevada,39.84342328433063
683,Sierra Nevada,39.84342328433063
684,Sierra Nevada,39.84342328433063
685,Sierra Nevada,39.84342328433063
686,Sierra Nevada,39.84342328433063
687,Sierra Nevada,39.84342328433063
688,Sierra Nevada,21.083961686047175
689,Southern Cascades,35.01281720972383
690,Southern Cascades,35.01281720972383
691,Southern Cascades,35.01281720972383
692,Southern Cascades,35.01281720972383
693,Southern Cascades,35.01281720972383
694,Southern Cascades,35.01281720972383
695,Sierra Nevada,39.84342328433063
696,Northern California Coast,51.139050423697704
697,Northern California Coast,51.139050423697704
698,Sierra Nevada,21.083961686047175
699,Southern Cascades,21.87393002815114
700,Central California Coast,25.387922776547775
701,Sierra Nevada,39.84342328433063
702,Sierra Nevada,9.742933071910207
703,Sierra Nevada,39.84342328433063
704,Sierra Nevada,33.94136665160335
705,Sierra Nevada Foothills,8.943886166741473
706,Sierra Nevada,39.84342328433063
707,Sierra Nevada,39.84342328433063
708,Sierra Nevada,39.84342328433063
709,Sierra Nevada,39.84342328433063
710,Sierra Nevada,39.84342328433063
711,Sierra Nevada,39.84342328433063
712,Northern California Coast,51.139050423697704
713,Southern Cascades,19.640227694259668
714,Northern California Coast,51.139050423697704
715,Southern Cascades,35.01281720972383
716,Northern California Coast,51.139050423697704
717,Sierra Nevada,39.84342328433063
718,Sierra Nevada,33.94136665160335
719,Sierra Nevada,33.94136665160335
720,Sierra Nevada,39.84342328433063
721,Sierra Nevada,39.84342328433063
722,Sierra Nevada,39.84342328433063
723,Sierra Nevada,39.84342328433063
724,Sierra Nevada,33.94136665160335
725,Sierra Nevada,39.84342328433063
726,Sierra Nevada,21.083961686047175
727,Sierra Nevada,39.84342328433063
728,Sierra Nevada,39.84342328433063
729,Southern Cascades,35.01281720972383
730,Southern Cascades,35.01281720972383
731,Northern California Coast,51.139050423697704
732,Northern California Coast,51.139050423697704
733,Southern Cascades,35.01281720972383
734,Northern California Coast,51.139050423697704
735,Northern California Coast,51.139050423697704
736,Northern California Coast,51.139050423697704
737,Southern Cascades,35.01281720972383
738,Southern Cascades,35.01281720972383
739,Southern Cascades,21.87393002815114
740,Southern Cascades,35.01281720972383
741,Southern Cascades,35.01281720972383
742,Northern California Coast,51.139050423697704
743,Northern California Coast,51.139050423697704
744,Southern Cascades,35.01281720972383
745,Northern California Coast,51.139050423697704
746,Sierra Nevada,39.84342328433063
747,Southern Cascades,35.01281720972383
748,Southern Cascades,21.87393002815114
749,Modoc Plateau,11.431829831787505
750,Southern Cascades,35.01281720972383
751,Southern Cascades,35.01281720972383
752,Southern Cascades,35.01281720972383
753,Southern Cascades,35.01281720972383
754,Modoc Plateau,11.431829831787505
755,Modoc Plateau,6.410541459897869
756,Southern Cascades,35.01281720972383
757,Sierra Nevada,39.84342328433063
758,Sierra Nevada,39.84342328433063
759,Sierra Nevada,33.94136665160335
760,Sierra Nevada,39.84342328433063
761,Sierra Nevada,39.84342328433063
762,Sierra Nevada,21.083961686047175
763,Southern Cascades,21.87393002815114
764,Northern California Coast,51.139050423697704
765,Southern Cascades,21.87393002815114
766,Southern Cascades,35.01281720972383
767,Southern Cascades,21.87393002815114
768,Northern California Coast,51.139050423697704
769,Northern California Coast,51.139050423697704
770,Northern California Coast,51.139050423697704
771,Northern California Coast,51.139050423697704
772,Northern California Coast,51.139050423697704
773,Southern Cascades,35.01281720972383
774,Northern California Coast,51.139050423697704
775,Northern California Coast,51.139050423697704
776,Northern California Coast,51.139050423697704
777,Southern Cascades,35.01281720972383
778,Northern California Coast,51.139050423697704
779,Modoc Plateau,11.431829831787505
780,Southern Cascades,35.01281720972383
781,Modoc Plateau,11.431829831787505
782,Modoc Plateau,11.431829831787505
783,Modoc Plateau,11.431829831787505
784,Modoc Plateau,11.431829831787505
785,Modoc Plateau,11.431829831787505
786,Southern Cascades,35.01281720972383
787,Western Basin and Range,0
788,Western Basin and Range,0
789,Western Basin and Range,0
790,Sierra Nevada,33.94136665160335
791,Western Basin and Range,0
792,Southern Cascades,35.01281720972383
793,Northern California Coast,51.139050423697704
794,Southern Cascades,21.87393002815114
795,California Central Valley Basin,12.094675776424985
796,Sierra Nevada,39.84342328433063
797,Sierra Nevada Foothills,8.943886166741473
798,Sierra Nevada,33.94136665160335
799,Sierra Nevada,39.84342328433063
800,Sierra Nevada,39.84342328433063
801,Sierra Nevada,33.94136665160335
802,Sierra Nevada,39.84342328433063
803,Sierra Nevada,33.94136665160335
804,Sierra Nevada,39.84342328433063
805,Sierra Nevada,39.84342328433063
806,Sierra Nevada,39.84342328433063
807,Sierra Nevada,33.94136665160335
808,Sierra Nevada,33.94136665160335
809,Sierra Nevada,39.84342328433063
810,Sierra Nevada,33.94136665160335
811,Sierra Nevada,39.84342328433063
812,Southern Cascades,19.640227694259668
813,Sierra Nevada,33.94136665160335
814,Sierra Nevada,39.84342328433063
815,Sierra Nevada,39.84342328433063
816,Southern Cascades,35.01281720972383
817,Sierra Nevada,39.84342328433063
818,Southern Cascades,35.01281720972383
819,Sierra Nevada,39.84342328433063
820,Sierra Nevada,33.94136665160335
821,Sierra Nevada,39.84342328433063
822,Sierra Nevada,33.94136665160335
823,California Central Valley Basin,12.094675776424985
824,Central California Coast,76.46341286745687
825,Central California Coast,25.387922776547775
826,Central California Coast,76.46341286745687
827,Central California Coast,76.46341286745687
828,Central California Coast,76.46341286745687
829,Central California Coast,25.387922776547775
830,Southern Cascades,35.01281720972383
831,Southern Cascades,35.01281720972383
832,Southern Cascades,35.01281720972383
833,Southern Cascades,35.01281720972383
834,Southern Cascades,35.01281720972383
835,Southern Cascades,35.01281720972383
836,Southern Cascades,35.01281720972383
837,Southern Cascades,35.01281720972383
838,Southern Cascades,35.01281720972383
839,Southern Cascades,35.01281720972383
840,Southern Cascades,35.01281720972383
841,Southern Cascades,35.01281720972383
842,Southern Cascades,35.01281720972383
843,Southern Cascades,19.640227694259668
844,Sierra Nevada,33.94136665160335
845,Sierra Nevada,33.94136665160335
846,Sierra Nevada,39.84342328433063
847,Southern Cascades,19.640227694259668
848,Southern Cascades,19.640227694259668
849,Southern Cascades,35.01281720972383
850,Southern Cascades,35.01281720972383
851,Southern Cascades,35.01281720972383
852,Southern Cascades,35.01281720972383
853,Southern Cascades,21.87393002815114
854,Southern Cascades,35.01281720972383
855,Southern Cascades,35.01281720972383
856,Southern Cascades,35.01281720972383
857,Southern Cascades,19.640227694259668
858,Southern Cascades,19.640227694259668
859,Southern Cascades,35.01281720972383
860,Southern Cascades,35.01281720972383
861,Southern Cascades,19.640227694259668
862,Southern Cascades,35.01281720972383
863,Southern Cascades,35.01281720972383
864,Southern Cascades,35.01281720972383
865,Southern Cascades,35.01281720972383
866,Southern Cascades,19.640227694259668
867,Southern Cascades,35.01281720972383
868,Southern Cascades,35.01281720972383
869,Southern Cascades,35.01281720972383
870,Northern California Coast,51.139050423697704
871,Northern California Coast,51.139050423697704
872,Northern California Coast,51.139050423697704
873,Northern California Coast,29.33776275517837
874,Northern California Coast,51.139050423697704
875,Southern Cascades,35.01281720972383
876,Southern Cascades,35.01281720972383
877,Southern Cascades,35.01281720972383
878,Southern Cascades,35.01281720972383
879,Southern Cascades,35.01281720972383
880,Southern Cascades,35.01281720972383
881,Southern Cascades,35.01281720972383
882,Southern Cascades,35.01281720972383
883,Southern Cascades,35.01281720972383
884,Southern Cascades,35.01281720972383
885,Southern Cascades,35.01281720972383
886,Southern Cascades,35.01281720972383
887,Southern Cascades,35.01281720972383
888,Southern Cascades,21.87393002815114
889,Southern Cascades,35.01281720972383
890,Southern Cascades,35.01281720972383
891,Southern Cascades,35.01281720972383
892,Southern Cascades,35.01281720972383
893,Southern Cascades,35.01281720972383
894,Southern Cascades,35.01281720972383
895,Southern Cascades,35.01281720972383
896,Southern Cascades,35.01281720972383
897,Southern Cascades,35.01281720972383
898,Southern Cascades,35.01281720972383
899,Southern Cascades,35.01281720972383
900,Southern Cascades,21.87393002815114
901,Sierra Nevada,21.083961686047175
902,Sierra Nevada,39.84342328433063
903,Sierra Nevada,39.84342328433063
904,Sierra Nevada,39.84342328433063
905,Sierra Nevada,39.84342328433063
906,Sierra Nevada,33.94136665160335
907,Sierra Nevada,39.84342328433063
908,Sierra Nevada,39.84342328433063
909,Sierra Nevada,21.083961686047175
910,Sierra Nevada,39.84342328433063
911,Sierra Nevada,39.84342328433063
912,Sierra Nevada,39.84342328433063
913,Sierra Nevada,39.84342328433063
914,Southern Cascades,35.01281720972383
915,Southern Cascades,35.01281720972383
916,Southern Cascades,35.01281720972383
917,Southern Cascades,19.640227694259668
918,Sierra Nevada,39.84342328433063
919,Sierra Nevada,21.083961686047175
920,Sierra Nevada,33.94136665160335
921,Sierra Nevada,39.84342328433063
922,Southern Cascades,35.01281720972383
923,Sierra Nevada,21.083961686047175
924,Sierra Nevada,39.84342328433063
925,Sierra Nevada,21.083961686047175
926,Sierra Nevada,39.84342328433063
927,Sierra Nevada,21.083961686047175
928,Sierra Nevada,21.083961686047175
929,Sierra Nevada,39.84342328433063
930,Sierra Nevada,39.84342328433063
931,Sierra Nevada,21.083961686047175
932,Southern Cascades,35.01281720972383
933,Northern California Coast,51.139050423697704
934,Northern California Coast,51.139050423697704
935,Southern Cascades,35.01281720972383
936,Sierra Nevada,39.84342328433063
937,Sierra Nevada,39.84342328433063
938,Sierra Nevada,39.84342328433063
939,Sierra Nevada,39.84342328433063
940,Sierra Nevada Foothills,8.943886166741473
941,Sierra Nevada,39.84342328433063
942,Sierra Nevada,39.84342328433063
943,Sierra Nevada,21.083961686047175
944,Sierra Nevada,39.84342328433063
945,Sierra Nevada,39.84342328433063
946,Sierra Nevada,39.84342328433063
947,Sierra Nevada,39.84342328433063
948,Sierra Nevada,33.94136665160335
949,Southern Cascades,19.640227694259668
950,Southern Cascades,35.01281720972383
951,Southern Cascades,35.01281720972383
952,Southern Cascades,35.01281720972383
953,Northern California Coast,51.139050423697704
954,Northern California Coast,51.139050423697704
955,Northern California Coast,51.139050423697704
956,Northern California Coast,51.139050423697704
957,Southern Cascades,21.87393002815114
958,Southern Cascades,35.01281720972383
959,Southern Cascades,35.01281720972383
960,Northern California Coast,51.139050423697704
961,Northern California Coast,51.139050423697704
962,Northern California Coast,51.139050423697704
963,Northern California Coast,51.139050423697704
964,Northern California Coast,51.139050423697704
965,Northern California Coast,51.139050423697704
966,Northern California Coast,51.139050423697704
967,Northern California Coast,51.139050423697704
968,Northern California Coast,51.139050423697704
969,Southern Cascades,35.01281720972383
970,Southern California Mountains,18.087533626802795
971,Southern Cascades,21.87393002815114
972,Southern Cascades,35.01281720972383
973,Southern Cascades,35.01281720972383
974,Southern Cascades,21.87393002815114
975,Sierra Nevada,33.94136665160335
976,Southern Cascades,35.01281720972383
977,Sierra Nevada,39.84342328433063
978,Modoc Plateau,11.431829831787505
979,Southern Cascades,19.640227694259668
980,Modoc Plateau,11.431829831787505
981,Southern Cascades,35.01281720972383
982,Southern Cascades,35.01281720972383
983,Southern Cascades,35.01281720972383
984,Southern Cascades,19.640227694259668
985,Sierra Nevada,39.84342328433063
986,Sierra Nevada,39.84342328433063
987,Northern California Coast,51.139050423697704
988,Sierra Nevada,39.84342328433063
989,Sierra Nevada,21.083961686047175
990,Sierra Nevada,39.84342328433063
991,Northern California Coast,51.139050423697704
992,Southern Cascades,21.87393002815114
993,Northern California Coast,51.139050423697704
994,Southern Cascades,21.87393002815114
995,Southern Cascades,35.01281720972383
996,Northern California Coast,51.139050423697704
998,Northern California Coast,51.139050423697704
999,Northern California Coast,51.139050423697704
1e3,Southern Cascades,21.87393002815114
1001,Northern California Coast,51.139050423697704
1002,Southern Cascades,21.87393002815114
1003,Northern California Coast,51.139050423697704
1004,Northern California Coast,51.139050423697704
1005,Southern Cascades,35.01281720972383
1006,Southern Cascades,35.01281720972383
1007,Northern California Coast,51.139050423697704
1008,Northern California Coast,51.139050423697704
1009,Southern Cascades,21.87393002815114
1010,Northern California Coast,51.139050423697704
1011,Northern California Coast,51.139050423697704
1012,Modoc Plateau,11.431829831787505
1013,Modoc Plateau,11.431829831787505
1014,Modoc Plateau,6.410541459897869
1015,Modoc Plateau,11.431829831787505
1016,Modoc Plateau,11.431829831787505
1017,Modoc Plateau,6.410541459897869
1018,Modoc Plateau,11.431829831787505
1019,Modoc Plateau,11.431829831787505
1020,Modoc Plateau,11.431829831787505
1021,Sierra Nevada,33.94136665160335
1022,Sierra Nevada,39.84342328433063
1023,Central California Coast,76.46341286745687
1024,Central California Coast,25.387922776547775
1025,Sierra Nevada Foothills,8.943886166741473
1026,Sierra Nevada,39.84342328433063
1027,Sierra Nevada,39.84342328433063
1028,Sierra Nevada,39.84342328433063
1029,Sierra Nevada,39.84342328433063
1030,Sierra Nevada,21.083961686047175
1031,Sierra Nevada,39.84342328433063
1032,Sierra Nevada,39.84342328433063
1033,Sierra Nevada,33.94136665160335
1034,Sierra Nevada,39.84342328433063
1035,Sierra Nevada,39.84342328433063
1036,Sierra Nevada,39.84342328433063
1037,Sierra Nevada,39.84342328433063
1038,Sierra Nevada,39.84342328433063
1039,Sierra Nevada,33.94136665160335
1040,Sierra Nevada,39.84342328433063
1041,Sierra Nevada,39.84342328433063
1042,Sierra Nevada,39.84342328433063
1043,Sierra Nevada,39.84342328433063
1044,Sierra Nevada,39.84342328433063
1045,Sierra Nevada,33.94136665160335
1046,Sierra Nevada,39.84342328433063
1047,Sierra Nevada,39.84342328433063
1048,Sierra Nevada,39.84342328433063
1049,Sierra Nevada,39.84342328433063
1050,Sierra Nevada,39.84342328433063
1051,Southern Cascades,19.640227694259668
1052,Sierra Nevada,39.84342328433063
1053,Southern Cascades,19.640227694259668
1054,Sierra Nevada,39.84342328433063
1055,Sierra Nevada,39.84342328433063
1056,Sierra Nevada,21.083961686047175
1057,California Central Valley Basin,12.094675776424985
1058,Southern California Mountains,18.087533626802795
1059,Southern California Mountains,18.087533626802795
1060,Central California Coast,25.387922776547775
1061,Central California Coast,76.46341286745687
1062,Central California Coast,76.46341286745687
1063,Central California Coast,25.387922776547775
1064,Central California Coast,76.46341286745687
1065,Southern Cascades,35.01281720972383
1066,Southern Cascades,21.87393002815114
1067,Southern Cascades,35.01281720972383
1068,Southern Cascades,35.01281720972383
1069,Southern Cascades,35.01281720972383
1070,Southern Cascades,21.87393002815114
1071,Southern Cascades,35.01281720972383
1072,Southern Cascades,35.01281720972383
1073,Southern Cascades,35.01281720972383
1074,Southern Cascades,35.01281720972383
1075,Southern Cascades,35.01281720972383
1076,Southern Cascades,35.01281720972383
1077,Southern Cascades,35.01281720972383
1078,Southern Cascades,35.01281720972383
1079,Southern Cascades,19.640227694259668
1080,Southern Cascades,19.640227694259668
1081,Sierra Nevada,39.84342328433063
1082,Sierra Nevada,39.84342328433063
1083,Sierra Nevada,39.84342328433063
1084,Sierra Nevada,39.84342328433063
1085,Sierra Nevada,39.84342328433063
1086,Sierra Nevada,39.84342328433063
1087,Sierra Nevada,39.84342328433063
1088,Southern Cascades,35.01281720972383
1089,Southern Cascades,35.01281720972383
1090,Southern Cascades,21.87393002815114
1091,Southern Cascades,19.640227694259668
1092,Southern Cascades,35.01281720972383
1093,Southern Cascades,35.01281720972383
1094,Southern Cascades,35.01281720972383
1095,Southern Cascades,35.01281720972383
1096,Southern Cascades,35.01281720972383
1097,Southern Cascades,19.640227694259668
1098,Southern Cascades,35.01281720972383
1099,Southern Cascades,35.01281720972383
1100,Southern Cascades,35.01281720972383
1101,Southern Cascades,35.01281720972383
1102,Southern Cascades,35.01281720972383
1103,Southern Cascades,35.01281720972383
1104,Southern Cascades,35.01281720972383
1105,Southern Cascades,35.01281720972383
1106,Southern Cascades,19.640227694259668
1107,Southern Cascades,35.01281720972383
1108,Southern Cascades,35.01281720972383
1109,Southern Cascades,35.01281720972383
1110,Southern Cascades,35.01281720972383
1111,Southern Cascades,35.01281720972383
1112,Southern Cascades,35.01281720972383
1113,Southern Cascades,35.01281720972383
1114,Southern Cascades,35.01281720972383
1115,Southern Cascades,35.01281720972383
1116,Southern Cascades,35.01281720972383
1117,Southern Cascades,35.01281720972383
1118,Northern California Coast,29.33776275517837
1119,Northern California Coast,51.139050423697704
1120,Southern Cascades,35.01281720972383
1121,Southern Cascades,35.01281720972383
1122,Southern Cascades,35.01281720972383
1123,Southern Cascades,35.01281720972383
1124,Southern Cascades,35.01281720972383
1125,Southern Cascades,35.01281720972383
1126,Southern Cascades,35.01281720972383
1127,Southern Cascades,35.01281720972383
1128,Southern Cascades,19.640227694259668
1129,Southern Cascades,35.01281720972383
1130,Southern Cascades,35.01281720972383
1131,Southern Cascades,21.87393002815114
1132,Southern Cascades,35.01281720972383
1133,Southern Cascades,35.01281720972383
1134,Southern Cascades,35.01281720972383
1135,Southern Cascades,35.01281720972383
1136,Southern Cascades,35.01281720972383
1137,Southern Cascades,35.01281720972383
1138,Southern Cascades,35.01281720972383
1139,Southern Cascades,35.01281720972383
1140,Southern Cascades,35.01281720972383
1141,Southern Cascades,35.01281720972383
1142,Southern Cascades,35.01281720972383
1143,Sierra Nevada,39.84342328433063
1144,Sierra Nevada,39.84342328433063
1145,Sierra Nevada,39.84342328433063
1146,Sierra Nevada,39.84342328433063
1147,Sierra Nevada,39.84342328433063
1148,Sierra Nevada,39.84342328433063
1149,Sierra Nevada,39.84342328433063
1150,Sierra Nevada,33.94136665160335
1151,Sierra Nevada,39.84342328433063
1152,Sierra Nevada,39.84342328433063
1153,Southern California Mountains,18.087533626802795
1154,Sierra Nevada,39.84342328433063
1155,Sierra Nevada Foothills,8.943886166741473
1156,Sierra Nevada,39.84342328433063
1157,Southern Cascades,35.01281720972383
1158,Northern California Coast,51.139050423697704
1159,Western Basin and Range,0
1160,Western Basin and Range,0
1161,Sierra Nevada,39.84342328433063
1162,Sierra Nevada,21.083961686047175
1163,Sierra Nevada,39.84342328433063
1164,Southern Cascades,19.640227694259668
1165,Sierra Nevada,39.84342328433063
1166,Sierra Nevada,39.84342328433063
1167,Northern California Coast,51.139050423697704
1168,Sierra Nevada,39.84342328433063
1169,Sierra Nevada,39.84342328433063
1170,Sierra Nevada,39.84342328433063
1171,Sierra Nevada,33.94136665160335
1172,Sierra Nevada,39.84342328433063
1173,Sierra Nevada,21.083961686047175
1174,Sierra Nevada,21.083961686047175
1175,Sierra Nevada,39.84342328433063
1176,Sierra Nevada,39.84342328433063
1177,Sierra Nevada,39.84342328433063
1178,Southern Cascades,35.01281720972383
1179,Southern Cascades,35.01281720972383
1180,Southern Cascades,35.01281720972383
1181,Southern Cascades,35.01281720972383
1182,Southern Cascades,35.01281720972383
1183,Northern California Coast,51.139050423697704
1184,Southern Cascades,35.01281720972383
1185,Southern Cascades,35.01281720972383
1186,Southern Cascades,35.01281720972383
1187,Northern California Coast,51.139050423697704
1188,Northern California Coast,51.139050423697704
1189,Southern Cascades,35.01281720972383
1190,Northern California Coast,51.139050423697704
1191,Northern California Coast,51.139050423697704
1192,Southern Cascades,35.01281720972383
1193,Northern California Coast,51.139050423697704
1194,Southern Cascades,35.01281720972383
1195,Southern Cascades,35.01281720972383
1196,Northern California Coast,51.139050423697704
1197,Northern California Coast,51.139050423697704
1198,Southern Cascades,35.01281720972383
1199,Northern California Coast,29.33776275517837
1200,Northern California Coast,51.139050423697704
1201,Northern California Coast,51.139050423697704
1202,Southern Cascades,35.01281720972383
1203,Northern California Coast,51.139050423697704
1204,Sierra Nevada,21.083961686047175
1205,Sierra Nevada,21.083961686047175
1206,Southern California Mountains,0.9806494487129571
1207,Southern Cascades,35.01281720972383
1208,Southern Cascades,35.01281720972383
1209,Southern Cascades,35.01281720972383
1210,Southern Cascades,35.01281720972383
1211,Modoc Plateau,11.431829831787505
1212,Southern Cascades,19.640227694259668
1213,Southern Cascades,35.01281720972383
1214,Modoc Plateau,11.431829831787505
1215,Southern Cascades,19.640227694259668
1216,Southern Cascades,35.01281720972383
1217,Modoc Plateau,11.431829831787505
1218,Sierra Nevada,39.84342328433063
1219,Southern Cascades,35.01281720972383
1220,Sierra Nevada,39.84342328433063
1221,Southern California Mountains,0.9806494487129571
1222,Sierra Nevada,39.84342328433063
1223,Sierra Nevada,39.84342328433063
1224,Sierra Nevada,39.84342328433063
1225,Sierra Nevada,39.84342328433063
1226,Sierra Nevada,39.84342328433063
1227,Northern California Coast,51.139050423697704
1228,Northern California Coast,51.139050423697704
1229,Northern California Coast,51.139050423697704
1230,Northern California Coast,51.139050423697704
1231,Northern California Coast,51.139050423697704
1232,Southern Cascades,35.01281720972383
1233,Southern Cascades,35.01281720972383
1234,Northern California Coast,51.139050423697704
1235,Northern California Coast,51.139050423697704
1236,Northern California Coast,29.33776275517837
1237,Northern California Coast,51.139050423697704
1238,Northern California Coast,51.139050423697704
1239,Northern California Coast,51.139050423697704
1240,Northern California Coast,51.139050423697704
1241,Southern Cascades,35.01281720972383
1242,Northern California Coast,29.33776275517837
1243,Modoc Plateau,11.431829831787505
1244,Modoc Plateau,11.431829831787505
1245,Modoc Plateau,11.431829831787505
1246,Modoc Plateau,11.431829831787505
1247,Modoc Plateau,11.431829831787505
1248,Modoc Plateau,11.431829831787505
1249,Modoc Plateau,11.431829831787505
1250,Modoc Plateau,11.431829831787505
1251,Modoc Plateau,11.431829831787505
1252,Modoc Plateau,6.410541459897869
1253,Modoc Plateau,11.431829831787505
1254,Modoc Plateau,6.410541459897869
1255,Northern California Coast,51.139050423697704
1256,Northern California Coast,29.33776275517837
1257,Sierra Nevada,39.84342328433063
1258,Sierra Nevada,39.84342328433063
1259,Sierra Nevada,39.84342328433063
1260,Sierra Nevada,39.84342328433063
1261,Sierra Nevada,39.84342328433063
1262,Sierra Nevada,39.84342328433063
1263,Sierra Nevada,33.94136665160335
1264,Sierra Nevada Foothills,8.943886166741473
1265,Sierra Nevada,21.083961686047175
1266,Sierra Nevada,39.84342328433063
1267,Sierra Nevada,39.84342328433063
1268,Sierra Nevada,21.083961686047175
1269,Sierra Nevada,39.84342328433063
1270,Sierra Nevada,39.84342328433063
1271,Sierra Nevada,39.84342328433063
1272,Sierra Nevada,39.84342328433063
1273,Sierra Nevada,39.84342328433063
1274,Sierra Nevada,39.84342328433063
1275,Sierra Nevada,21.083961686047175
1276,Southern Cascades,19.640227694259668
1277,Sierra Nevada,39.84342328433063
1278,Sierra Nevada,39.84342328433063
1279,Sierra Nevada,33.94136665160335
1280,Sierra Nevada,39.84342328433063
1281,Southern Cascades,19.640227694259668
1282,Sierra Nevada,39.84342328433063
1283,Sierra Nevada,33.94136665160335
1284,Southern California Mountains,0.9806494487129571
1285,California Central Valley Basin,12.094675776424985
1286,California Central Valley Basin,12.094675776424985
1287,Central California Coast,76.46341286745687
1288,Central California Coast,76.46341286745687
1289,Central California Coast,76.46341286745687
1290,Southern Cascades,35.01281720972383
1291,Southern Cascades,35.01281720972383
1292,Southern Cascades,35.01281720972383
1293,Southern Cascades,35.01281720972383
1294,Southern Cascades,35.01281720972383
1295,Southern Cascades,35.01281720972383
1296,Southern Cascades,35.01281720972383
1297,Southern Cascades,35.01281720972383
1298,Southern Cascades,35.01281720972383
1299,Southern Cascades,35.01281720972383
1300,Southern Cascades,21.87393002815114
1301,California Central Valley Basin,12.094675776424985
1302,Southern Cascades,35.01281720972383
1303,Sierra Nevada,39.84342328433063
1304,Sierra Nevada,21.083961686047175
1305,Sierra Nevada,39.84342328433063
1306,Sierra Nevada,39.84342328433063
1307,Sierra Nevada,39.84342328433063
1308,Sierra Nevada,39.84342328433063
1309,Sierra Nevada,33.94136665160335
1310,Southern Cascades,35.01281720972383
1311,Southern Cascades,35.01281720972383
1312,Southern Cascades,19.640227694259668
1313,Southern Cascades,35.01281720972383
1314,Southern Cascades,19.640227694259668
1315,Southern Cascades,35.01281720972383
1316,Southern Cascades,35.01281720972383
1317,Southern Cascades,35.01281720972383
1318,Southern Cascades,21.87393002815114
1319,Southern Cascades,19.640227694259668
1320,Southern Cascades,35.01281720972383
1321,Southern Cascades,35.01281720972383
1322,Southern Cascades,21.87393002815114
1323,Southern Cascades,35.01281720972383
1324,Southern Cascades,35.01281720972383
1325,Southern Cascades,35.01281720972383
1326,Southern Cascades,35.01281720972383
1327,Southern Cascades,21.87393002815114
1328,Southern Cascades,35.01281720972383
1329,Southern Cascades,21.87393002815114
1330,Southern Cascades,35.01281720972383
1331,Southern Cascades,35.01281720972383
1332,Southern Cascades,35.01281720972383
1333,Southern Cascades,19.640227694259668
1334,Southern Cascades,19.640227694259668
1335,Southern Cascades,19.640227694259668
1336,Southern Cascades,35.01281720972383
1337,Southern Cascades,35.01281720972383
1338,Southern Cascades,35.01281720972383
1339,Southern Cascades,35.01281720972383
1340,Northern California Coast,51.139050423697704
1341,Northern California Coast,51.139050423697704
1342,Northern California Coast,51.139050423697704
1343,Southern Cascades,35.01281720972383
1344,Southern Cascades,35.01281720972383
1345,Southern Cascades,35.01281720972383
1346,Southern Cascades,19.640227694259668
1347,Southern Cascades,35.01281720972383
1348,Southern Cascades,35.01281720972383
1349,Southern Cascades,35.01281720972383
1350,Southern Cascades,35.01281720972383
1351,Southern Cascades,35.01281720972383
1352,Southern Cascades,35.01281720972383
1353,Southern Cascades,21.87393002815114
1354,Southern Cascades,35.01281720972383
1355,Southern Cascades,35.01281720972383
1356,Southern Cascades,35.01281720972383
1357,Southern Cascades,35.01281720972383
1358,Southern Cascades,35.01281720972383
1359,Southern Cascades,35.01281720972383
1360,Southern Cascades,35.01281720972383
1361,Southern Cascades,35.01281720972383
1362,Southern Cascades,35.01281720972383
1363,Southern Cascades,35.01281720972383
1364,Southern Cascades,21.87393002815114
1365,Southern Cascades,35.01281720972383
1366,Southern Cascades,35.01281720972383
1367,Southern Cascades,35.01281720972383
1368,Southern Cascades,35.01281720972383
1369,Sierra Nevada,39.84342328433063
1370,Sierra Nevada,39.84342328433063
1371,Sierra Nevada,33.94136665160335
1372,Sierra Nevada,39.84342328433063
1373,Sierra Nevada,39.84342328433063
1374,Sierra Nevada,33.94136665160335
1375,Sierra Nevada,39.84342328433063
1376,Sierra Nevada,21.083961686047175
1377,Sierra Nevada,21.083961686047175
1378,Sierra Nevada,39.84342328433063
1379,Sierra Nevada,39.84342328433063
1380,Sierra Nevada,39.84342328433063
1381,Sierra Nevada,39.84342328433063
1382,Southern Cascades,35.01281720972383
1383,Sierra Nevada,39.84342328433063
1384,Sierra Nevada,39.84342328433063
1385,Sierra Nevada,39.84342328433063
1386,Sierra Nevada,21.083961686047175
1387,Sierra Nevada,33.94136665160335
1388,Sierra Nevada Foothills,8.943886166741473
1389,Sierra Nevada,21.083961686047175
1390,Sierra Nevada,21.083961686047175
1391,Sierra Nevada,33.94136665160335
1392,Sierra Nevada,39.84342328433063
1393,Sierra Nevada,39.84342328433063
1394,Sierra Nevada,39.84342328433063
1395,Sierra Nevada,39.84342328433063
1396,Sierra Nevada,21.083961686047175
1397,Southern Cascades,21.87393002815114
1398,Southern Cascades,21.87393002815114
1400,Northern California Coast,51.139050423697704
1401,Southern Cascades,35.01281720972383
1402,Sierra Nevada Foothills,8.943886166741473
1403,Sierra Nevada,39.84342328433063
1404,Sierra Nevada,39.84342328433063
1405,Sierra Nevada,39.84342328433063
1406,Sierra Nevada,33.94136665160335
1407,Sierra Nevada,39.84342328433063
1408,Sierra Nevada,33.94136665160335
1409,Sierra Nevada,39.84342328433063
1410,Sierra Nevada,39.84342328433063
1411,Sierra Nevada,39.84342328433063
1412,Sierra Nevada,39.84342328433063
1413,Southern Cascades,35.01281720972383
1414,Southern Cascades,19.640227694259668
1415,Northern California Coast,51.139050423697704
1416,Northern California Coast,51.139050423697704
1417,Southern Cascades,35.01281720972383
1418,Northern California Coast,51.139050423697704
1419,Southern Cascades,35.01281720972383
1420,Southern Cascades,35.01281720972383
1421,Northern California Coast,51.139050423697704
1422,Southern Cascades,35.01281720972383
1423,Southern Cascades,35.01281720972383
1424,Northern California Coast,51.139050423697704
1425,Northern California Coast,51.139050423697704
1426,Southern Cascades,35.01281720972383
1427,Northern California Coast,51.139050423697704
1428,Northern California Coast,51.139050423697704
1429,Northern California Coast,51.139050423697704
1430,Southern Cascades,21.87393002815114
1431,Northern California Coast,51.139050423697704
1432,Southern Cascades,35.01281720972383
1433,Southern Cascades,19.640227694259668
1434,Sierra Nevada,39.84342328433063
1435,Southern Cascades,35.01281720972383
1436,Southern Cascades,35.01281720972383
1437,Southern Cascades,35.01281720972383
1438,Southern Cascades,35.01281720972383
1439,Southern Cascades,35.01281720972383
1440,Southern Cascades,35.01281720972383
1441,Southern Cascades,35.01281720972383
1442,Southern Cascades,35.01281720972383
1443,Modoc Plateau,11.431829831787505
1444,Southern Cascades,35.01281720972383
1445,Southern Cascades,35.01281720972383
1446,Southern Cascades,35.01281720972383
1447,Sierra Nevada,39.84342328433063
1448,Sierra Nevada,39.84342328433063
1449,Northern California Coast,51.139050423697704
1450,Sierra Nevada,21.083961686047175
1451,Sierra Nevada Foothills,8.943886166741473
1452,Sierra Nevada,39.84342328433063
1453,Southern Cascades,35.01281720972383
1454,Southern Cascades,35.01281720972383
1455,Northern California Coast,51.139050423697704
1456,Northern California Coast,51.139050423697704
1457,Northern California Coast,51.139050423697704
1458,Southern Cascades,35.01281720972383
1459,Northern California Coast,51.139050423697704
1460,Southern Cascades,21.87393002815114
1461,Southern Cascades,21.87393002815114
1462,Southern Cascades,35.01281720972383
1463,Northern California Coast,51.139050423697704
1464,Southern Cascades,35.01281720972383
1465,Southern Cascades,35.01281720972383
1466,Modoc Plateau,11.431829831787505
1467,Modoc Plateau,6.410541459897869
1468,Modoc Plateau,11.431829831787505
1469,Sierra Nevada,33.94136665160335
1470,Western Basin and Range,0
1471,California Central Valley Basin,12.094675776424985
1472,Central California Coast,25.387922776547775
1473,Sierra Nevada,39.84342328433063
1474,Sierra Nevada,39.84342328433063
1475,Sierra Nevada,39.84342328433063
1476,Sierra Nevada,39.84342328433063
1477,Sierra Nevada,33.94136665160335
1478,Sierra Nevada,39.84342328433063
1479,Sierra Nevada,21.083961686047175
1480,Sierra Nevada,33.94136665160335
1481,Sierra Nevada,33.94136665160335
1482,Sierra Nevada,39.84342328433063
1483,Sierra Nevada,39.84342328433063
1484,Sierra Nevada,39.84342328433063
1485,Sierra Nevada,33.94136665160335
1486,Southern Cascades,35.01281720972383
1487,Southern Cascades,35.01281720972383
1488,Sierra Nevada,39.84342328433063
1489,Sierra Nevada,33.94136665160335
1490,Southern Cascades,35.01281720972383
1491,Sierra Nevada,39.84342328433063
1492,Sierra Nevada,39.84342328433063
1493,Sierra Nevada,39.84342328433063
1494,Sierra Nevada,39.84342328433063
1495,Sierra Nevada,39.84342328433063
1496,Sierra Nevada,39.84342328433063
1497,Sierra Nevada,39.84342328433063
1498,Sierra Nevada,39.84342328433063
1499,Southern Cascades,35.01281720972383
1500,Sierra Nevada,33.94136665160335
1501,Southern California Mountains,0.9806494487129571
1502,Southern California Mountains,0.9806494487129571
1503,Southern California Mountains,18.087533626802795
1504,Central California Coast,25.387922776547775
1505,California Central Valley Basin,12.094675776424985
1506,Central California Coast,76.46341286745687
1507,California Central Valley Basin,12.094675776424985
1508,Central California Coast,76.46341286745687
1509,Central California Coast,25.387922776547775
1510,Central California Coast,76.46341286745687
1511,Southern Cascades,19.640227694259668
1512,Southern Cascades,35.01281720972383
1513,Southern Cascades,35.01281720972383
1514,Southern Cascades,19.640227694259668
1515,Southern Cascades,35.01281720972383
1516,Southern Cascades,35.01281720972383
1517,Southern Cascades,35.01281720972383
1518,Southern Cascades,19.640227694259668
1519,Southern Cascades,35.01281720972383
1520,Southern Cascades,35.01281720972383
1521,Southern Cascades,35.01281720972383
1522,Southern Cascades,35.01281720972383
1523,Southern Cascades,35.01281720972383
1524,Southern Cascades,35.01281720972383
1525,Southern Cascades,35.01281720972383
1526,Southern Cascades,35.01281720972383
1527,Southern Cascades,21.87393002815114
1528,Southern Cascades,35.01281720972383
1529,Southern Cascades,21.87393002815114
1530,Sierra Nevada,39.84342328433063
1531,Sierra Nevada,39.84342328433063
1532,Sierra Nevada,39.84342328433063
1533,Sierra Nevada,33.94136665160335
1534,Sierra Nevada,33.94136665160335
1535,Sierra Nevada,39.84342328433063
1536,Southern Cascades,35.01281720972383
1537,Southern Cascades,35.01281720972383
1538,Southern Cascades,35.01281720972383
1539,Southern Cascades,19.640227694259668
1540,Southern Cascades,35.01281720972383
1541,Southern Cascades,21.87393002815114
1542,Southern Cascades,35.01281720972383
1543,Southern Cascades,35.01281720972383
1544,Southern Cascades,35.01281720972383
1545,Southern Cascades,21.87393002815114
1546,Southern Cascades,35.01281720972383
1547,Southern Cascades,35.01281720972383
1548,Southern Cascades,35.01281720972383
1549,Southern Cascades,35.01281720972383
1550,Southern Cascades,35.01281720972383
1551,Southern Cascades,35.01281720972383
1552,Southern Cascades,35.01281720972383
1553,Southern Cascades,35.01281720972383
1554,Southern Cascades,35.01281720972383
1555,Southern Cascades,35.01281720972383
1556,Southern Cascades,35.01281720972383
1557,Southern Cascades,35.01281720972383
1558,Southern Cascades,35.01281720972383
1559,Southern Cascades,35.01281720972383
1560,Modoc Plateau,11.431829831787505
1561,Southern Cascades,35.01281720972383
1562,Southern Cascades,21.87393002815114
1563,Northern California Coast,51.139050423697704
1564,Northern California Coast,51.139050423697704
1565,Northern California Coast,51.139050423697704
1566,Northern California Coast,29.33776275517837
1567,California Central Valley Basin,12.094675776424985
1568,Southern Cascades,35.01281720972383
1569,Southern Cascades,35.01281720972383
1570,Southern Cascades,35.01281720972383
1571,Southern Cascades,35.01281720972383
1572,Southern Cascades,35.01281720972383
1573,Southern Cascades,35.01281720972383
1574,Southern Cascades,21.87393002815114
1575,Southern Cascades,35.01281720972383
1576,Southern Cascades,35.01281720972383
1577,Southern Cascades,35.01281720972383
1578,Southern Cascades,35.01281720972383
1579,Southern Cascades,35.01281720972383
1580,Southern Cascades,35.01281720972383
1581,Southern Cascades,35.01281720972383
1582,Southern Cascades,35.01281720972383
1583,Southern Cascades,35.01281720972383
1584,Southern Cascades,35.01281720972383
1585,Southern Cascades,35.01281720972383
1586,Southern Cascades,35.01281720972383
1587,Sierra Nevada,39.84342328433063
1588,Sierra Nevada,21.083961686047175
1589,Sierra Nevada,39.84342328433063
1590,Sierra Nevada,39.84342328433063
1591,Sierra Nevada,39.84342328433063
1592,Sierra Nevada,39.84342328433063
1593,Sierra Nevada,39.84342328433063
1594,Sierra Nevada,39.84342328433063
1595,Sierra Nevada,39.84342328433063
1596,Sierra Nevada,39.84342328433063
1597,Sierra Nevada,39.84342328433063
1598,Sierra Nevada,39.84342328433063
1599,Southern Cascades,35.01281720972383
1600,Southern Cascades,19.640227694259668
1601,Southern Cascades,35.01281720972383
1602,Southern Cascades,35.01281720972383
1603,Sierra Nevada,33.94136665160335
1604,Sierra Nevada Foothills,8.943886166741473
1605,Sierra Nevada,39.84342328433063
1606,Sierra Nevada,39.84342328433063
1607,Sierra Nevada,39.84342328433063
1608,Southern Cascades,19.640227694259668
1609,Sierra Nevada Foothills,8.943886166741473
1610,Sierra Nevada,21.083961686047175
1611,Sierra Nevada,39.84342328433063
1612,Southern Cascades,35.01281720972383
1613,Sierra Nevada,39.84342328433063
1614,Southern Cascades,35.01281720972383
1615,Northern California Coast,51.139050423697704
1616,Northern California Coast,51.139050423697704
1617,Northern California Coast,51.139050423697704
1618,Sierra Nevada,39.84342328433063
1619,Sierra Nevada,39.84342328433063
1620,Sierra Nevada,39.84342328433063
1621,Sierra Nevada,33.94136665160335
1622,Sierra Nevada,39.84342328433063
1623,Sierra Nevada,21.083961686047175
1624,Sierra Nevada,39.84342328433063
1625,Sierra Nevada,39.84342328433063
1626,Sierra Nevada,21.083961686047175
1627,Sierra Nevada,39.84342328433063
1628,Sierra Nevada,33.94136665160335
1629,Sierra Nevada,39.84342328433063
1630,Sierra Nevada,39.84342328433063
1631,Southern Cascades,35.01281720972383
1632,Southern Cascades,35.01281720972383
1633,Southern Cascades,35.01281720972383
1634,Southern Cascades,35.01281720972383
1635,Northern California Coast,51.139050423697704
1636,Southern Cascades,35.01281720972383
1637,Northern California Coast,51.139050423697704
1638,Northern California Coast,51.139050423697704
1639,Northern California Coast,51.139050423697704
1640,Northern California Coast,51.139050423697704
1641,Southern Cascades,35.01281720972383
1642,Northern California Coast,51.139050423697704
1643,Southern Cascades,35.01281720972383
1644,Southern Cascades,35.01281720972383
1645,Northern California Coast,51.139050423697704
1646,Northern California Coast,51.139050423697704
1647,Southern Cascades,35.01281720972383
1648,Southern Cascades,21.87393002815114
1649,Southern Cascades,35.01281720972383
1650,Southern Cascades,35.01281720972383
1651,Sierra Nevada,39.84342328433063
1652,Sierra Nevada Foothills,8.943886166741473
1653,Sierra Nevada,21.083961686047175
1654,Sierra Nevada Foothills,8.943886166741473
1655,Southern Cascades,35.01281720972383
1656,Modoc Plateau,11.431829831787505
1657,Sierra Nevada,39.84342328433063
1658,Southern Cascades,35.01281720972383
1659,Southern Cascades,35.01281720972383
1660,Southern Cascades,35.01281720972383
1661,Sierra Nevada,33.94136665160335
1662,Sierra Nevada,21.083961686047175
1663,Southern Cascades,35.01281720972383
1664,Southern Cascades,35.01281720972383
1665,Sierra Nevada,39.84342328433063
1666,Sierra Nevada Foothills,8.943886166741473
1667,Sierra Nevada,39.84342328433063
1668,Sierra Nevada,21.083961686047175
1669,Sierra Nevada,21.083961686047175
1670,Southern Cascades,21.87393002815114
1671,Northern California Coast,51.139050423697704
1672,Northern California Coast,51.139050423697704
1673,Northern California Coast,51.139050423697704
1674,Northern California Coast,51.139050423697704
1675,Southern Cascades,35.01281720972383
1676,Southern Cascades,35.01281720972383
1677,Southern Cascades,21.87393002815114
1678,Southern Cascades,35.01281720972383
1679,Southern Cascades,35.01281720972383
1680,Northern California Coast,51.139050423697704
1681,Southern Cascades,21.87393002815114
1682,Southern Cascades,35.01281720972383
1683,Northern California Coast,51.139050423697704
1684,Southern Cascades,35.01281720972383
1685,Northern California Coast,51.139050423697704
1686,Southern Cascades,35.01281720972383
1687,Southern Cascades,35.01281720972383
1688,Southern Cascades,19.640227694259668
1689,Modoc Plateau,6.410541459897869
1690,Modoc Plateau,11.431829831787505
1691,Modoc Plateau,6.410541459897869
1692,Modoc Plateau,11.431829831787505
1693,Modoc Plateau,6.410541459897869
1694,Western Basin and Range,0
1695,Western Basin and Range,0
1696,Sierra Nevada,33.94136665160335
1697,Central California Coast,25.387922776547775
1698,Northern California Coast,51.139050423697704
1699,Southern Cascades,21.87393002815114
1700,Northern California Coast,51.139050423697704
1701,Sierra Nevada,21.083961686047175
1702,Sierra Nevada,21.083961686047175
1703,Sierra Nevada,21.083961686047175
1704,Sierra Nevada,39.84342328433063
1705,Sierra Nevada,33.94136665160335
1706,Sierra Nevada,39.84342328433063
1707,Sierra Nevada,33.94136665160335
1708,Sierra Nevada,33.94136665160335
1709,Sierra Nevada,21.083961686047175
1710,Sierra Nevada,21.083961686047175
1711,Sierra Nevada,33.94136665160335
1712,Southern Cascades,35.01281720972383
1713,Sierra Nevada,39.84342328433063
1714,Sierra Nevada,39.84342328433063
1715,Sierra Nevada,39.84342328433063
1716,Sierra Nevada,39.84342328433063
1717,Southern Cascades,35.01281720972383
1718,Sierra Nevada,39.84342328433063
1719,Sierra Nevada,39.84342328433063
1720,Sierra Nevada,39.84342328433063
1721,Sierra Nevada,39.84342328433063
1722,Sierra Nevada,39.84342328433063
1723,Sierra Nevada,39.84342328433063
1724,Sierra Nevada,21.083961686047175
1725,Sierra Nevada,39.84342328433063
1726,Sierra Nevada,39.84342328433063
1727,Sierra Nevada,39.84342328433063
1728,Sierra Nevada,39.84342328433063
1729,Southern Cascades,35.01281720972383
1730,California Central Valley Basin,12.094675776424985
1731,Southern California Mountains,18.087533626802795
1732,Southern California Mountains,0.9806494487129571
1733,California Central Valley Basin,12.094675776424985
1734,Central California Coast,25.387922776547775
1735,Central California Coast,76.46341286745687
1736,Central California Coast,76.46341286745687
1737,Central California Coast,25.387922776547775
1738,Central California Coast,25.387922776547775
1739,Central California Coast,76.46341286745687
1740,Southern Cascades,19.640227694259668
1741,Southern Cascades,35.01281720972383
1742,Southern Cascades,35.01281720972383
1743,Southern Cascades,35.01281720972383
1744,Southern Cascades,35.01281720972383
1745,Southern Cascades,35.01281720972383
1746,Southern Cascades,21.87393002815114
1747,Southern Cascades,35.01281720972383
1748,Southern Cascades,35.01281720972383
1749,Southern Cascades,35.01281720972383
1750,Southern Cascades,35.01281720972383
1751,Southern Cascades,35.01281720972383
1752,Southern Cascades,35.01281720972383
1753,Southern Cascades,35.01281720972383
1754,Southern Cascades,35.01281720972383
1755,Southern Cascades,35.01281720972383
1756,Southern Cascades,19.640227694259668
1757,Southern Cascades,35.01281720972383
1758,Southern Cascades,35.01281720972383
1759,Sierra Nevada,39.84342328433063
1760,Sierra Nevada,33.94136665160335
1761,Sierra Nevada,39.84342328433063
1762,Sierra Nevada,21.083961686047175
1763,Sierra Nevada,39.84342328433063
1764,Southern Cascades,35.01281720972383
1765,Southern Cascades,35.01281720972383
1766,Southern Cascades,35.01281720972383
1767,Southern Cascades,35.01281720972383
1768,Southern Cascades,19.640227694259668
1769,Southern Cascades,35.01281720972383
1770,Southern Cascades,35.01281720972383
1771,Southern Cascades,35.01281720972383
1772,Southern Cascades,35.01281720972383
1773,Southern Cascades,35.01281720972383
1774,Southern Cascades,35.01281720972383
1775,Southern Cascades,19.640227694259668
1776,Southern Cascades,35.01281720972383
1777,Southern Cascades,35.01281720972383
1778,Southern Cascades,35.01281720972383
1779,Southern Cascades,35.01281720972383
1780,Southern Cascades,35.01281720972383
1781,Southern Cascades,35.01281720972383
1782,Southern Cascades,19.640227694259668
1783,Southern Cascades,35.01281720972383
1784,Southern Cascades,35.01281720972383
1785,Southern Cascades,19.640227694259668
1786,Southern Cascades,35.01281720972383
1787,Southern Cascades,35.01281720972383
1788,Southern Cascades,21.87393002815114
1789,Southern Cascades,35.01281720972383
1790,Southern Cascades,35.01281720972383
1791,Southern Cascades,35.01281720972383
1792,Southern Cascades,35.01281720972383
1793,Southern Cascades,35.01281720972383
1794,Southern Cascades,35.01281720972383
1795,Southern Cascades,35.01281720972383
1796,Northern California Coast,29.33776275517837
1797,Northern California Coast,29.33776275517837
1798,Northern California Coast,29.33776275517837
1799,Northern California Coast,51.139050423697704
1800,Northern California Coast,51.139050423697704
1801,Northern California Coast,51.139050423697704
1802,Southern Cascades,35.01281720972383
1803,California Central Valley Basin,12.094675776424985
1804,Southern Cascades,35.01281720972383
1805,Southern Cascades,35.01281720972383
1806,Southern Cascades,35.01281720972383
1807,Southern Cascades,35.01281720972383
1808,Southern Cascades,35.01281720972383
1809,Southern Cascades,35.01281720972383
1810,Southern Cascades,35.01281720972383
1811,Southern Cascades,35.01281720972383
1812,Southern Cascades,35.01281720972383
1813,Southern Cascades,35.01281720972383
1814,Southern Cascades,35.01281720972383
1815,Southern Cascades,35.01281720972383
1816,Southern Cascades,35.01281720972383
1817,Southern Cascades,35.01281720972383
1818,Southern Cascades,35.01281720972383
1819,Southern Cascades,35.01281720972383
1820,Southern Cascades,35.01281720972383
1821,Southern Cascades,35.01281720972383
1822,Southern Cascades,35.01281720972383
1823,Southern Cascades,35.01281720972383
1824,Southern Cascades,35.01281720972383
1825,Sierra Nevada,39.84342328433063
1826,Sierra Nevada Foothills,8.943886166741473
1827,Sierra Nevada,21.083961686047175
1828,Sierra Nevada,39.84342328433063
1829,Sierra Nevada,39.84342328433063
1830,Sierra Nevada,21.083961686047175
1831,Sierra Nevada,39.84342328433063
1832,Sierra Nevada,39.84342328433063
1833,Sierra Nevada,39.84342328433063
1834,Southern California Mountains,18.087533626802795
1835,Sierra Nevada,39.84342328433063
1836,Southern Cascades,35.01281720972383
1837,Sierra Nevada,39.84342328433063
1838,Southern Cascades,35.01281720972383
1839,California Central Valley Basin,12.094675776424985
1840,Southern Cascades,19.640227694259668
1841,Sierra Nevada,39.84342328433063
1842,Sierra Nevada Foothills,8.943886166741473
1843,Sierra Nevada,39.84342328433063
1844,Southern Cascades,35.01281720972383
1845,Sierra Nevada,39.84342328433063
1846,Sierra Nevada,21.083961686047175
1847,Sierra Nevada,21.083961686047175
1848,Sierra Nevada,39.84342328433063
1849,Sierra Nevada,21.083961686047175
1850,Sierra Nevada,21.083961686047175
1851,Sierra Nevada,21.083961686047175
1852,Central California Coast,25.387922776547775
1853,Sierra Nevada,39.84342328433063
1854,Sierra Nevada,39.84342328433063
1855,Sierra Nevada,39.84342328433063
1856,Sierra Nevada Foothills,8.943886166741473
1857,Sierra Nevada,21.083961686047175
1858,Sierra Nevada,39.84342328433063
1859,Sierra Nevada,39.84342328433063
1860,Sierra Nevada,39.84342328433063
1861,Sierra Nevada,39.84342328433063
1862,Sierra Nevada,39.84342328433063
1863,Southern Cascades,35.01281720972383
1864,Southern Cascades,35.01281720972383
1865,Southern Cascades,35.01281720972383
1866,Northern California Coast,51.139050423697704
1867,Northern California Coast,51.139050423697704
1868,Northern California Coast,51.139050423697704
1869,Northern California Coast,51.139050423697704
1870,Northern California Coast,51.139050423697704
1871,Southern Cascades,35.01281720972383
1872,Southern Cascades,35.01281720972383
1873,Southern Cascades,35.01281720972383
1874,Northern California Coast,51.139050423697704
1875,Southern Cascades,35.01281720972383
1876,Northern California Coast,29.33776275517837
1877,Northern California Coast,51.139050423697704
1878,Northern California Coast,51.139050423697704
1879,Southern Cascades,35.01281720972383
1880,Northern California Coast,51.139050423697704
1881,Sierra Nevada,21.083961686047175
1882,Sierra Nevada,39.84342328433063
1883,Sierra Nevada,39.84342328433063
1884,Sierra Nevada,39.84342328433063
1885,Sierra Nevada,9.742933071910207
1886,Southern Cascades,35.01281720972383
1887,Sierra Nevada,39.84342328433063
1888,Southern Cascades,35.01281720972383
1889,Southern Cascades,35.01281720972383
1890,Sierra Nevada,39.84342328433063
1891,Modoc Plateau,11.431829831787505
1892,Southern Cascades,35.01281720972383
1893,Southern Cascades,19.640227694259668
1894,Modoc Plateau,11.431829831787505
1895,Sierra Nevada,39.84342328433063
1896,Sierra Nevada,39.84342328433063
1897,Sierra Nevada,39.84342328433063
1898,Sierra Nevada,33.94136665160335
1899,Northern California Coast,29.33776275517837
1900,Sierra Nevada,21.083961686047175
1901,Northern California Coast,51.139050423697704
1902,Southern Cascades,35.01281720972383
1903,Northern California Coast,51.139050423697704
1904,Northern California Coast,51.139050423697704
1905,Northern California Coast,51.139050423697704
1906,Northern California Coast,51.139050423697704
1907,Northern California Coast,51.139050423697704
1908,Northern California Coast,51.139050423697704
1909,Northern California Coast,51.139050423697704
1910,Northern California Coast,51.139050423697704
1911,Southern Cascades,35.01281720972383
1912,Southern Cascades,35.01281720972383
1913,Southern Cascades,35.01281720972383
1914,Modoc Plateau,11.431829831787505
1915,Southern Cascades,35.01281720972383
1916,Modoc Plateau,6.410541459897869
1917,Modoc Plateau,11.431829831787505
1918,Modoc Plateau,11.431829831787505
1919,Modoc Plateau,11.431829831787505
1920,Modoc Plateau,11.431829831787505
1921,Modoc Plateau,11.431829831787505
1922,Modoc Plateau,11.431829831787505
1923,Modoc Plateau,6.410541459897869
1924,Modoc Plateau,6.410541459897869
1925,Modoc Plateau,11.431829831787505
1926,Modoc Plateau,6.410541459897869
1927,Western Basin and Range,0
1928,Western Basin and Range,0
1929,Western Basin and Range,0
1930,California Central Valley Basin,12.094675776424985
1931,Central California Coast,25.387922776547775
1932,Central California Coast,25.387922776547775
1933,Northern California Coast,51.139050423697704
1934,Sierra Nevada,39.84342328433063
1935,Sierra Nevada,39.84342328433063
1936,Sierra Nevada,39.84342328433063
1937,Sierra Nevada,21.083961686047175
1938,Sierra Nevada,39.84342328433063
1939,Sierra Nevada,39.84342328433063
1940,Sierra Nevada,33.94136665160335
1941,Sierra Nevada,33.94136665160335
1942,Sierra Nevada,33.94136665160335
1943,Sierra Nevada,33.94136665160335
1944,Sierra Nevada,39.84342328433063
1945,Sierra Nevada,39.84342328433063
1946,Sierra Nevada,39.84342328433063
1947,Sierra Nevada,39.84342328433063
1948,Sierra Nevada,39.84342328433063
1949,Sierra Nevada,39.84342328433063
1950,Sierra Nevada,39.84342328433063
1951,Sierra Nevada,33.94136665160335
1952,Sierra Nevada,39.84342328433063
1953,Southern Cascades,35.01281720972383
1954,Southern Cascades,35.01281720972383
1955,Sierra Nevada,39.84342328433063
1956,Sierra Nevada,21.083961686047175
1957,Sierra Nevada,39.84342328433063
1958,Sierra Nevada,39.84342328433063
1959,Sierra Nevada,39.84342328433063
1960,Sierra Nevada,39.84342328433063
1961,Sierra Nevada,39.84342328433063
1962,Southern Cascades,35.01281720972383
1963,California Central Valley Basin,12.094675776424985
1964,Southern California Mountains,0.9806494487129571
1965,Southern California Mountains,18.087533626802795
1966,Southern California Mountains,18.087533626802795
1967,California Central Valley Basin,12.094675776424985
1968,Central California Coast,25.387922776547775
1969,Central California Coast,76.46341286745687
1970,Central California Coast,76.46341286745687
1971,Central California Coast,76.46341286745687
1972,Southern Cascades,35.01281720972383
1973,Southern Cascades,35.01281720972383
1974,Southern Cascades,21.87393002815114
1975,Southern Cascades,35.01281720972383
1976,Southern Cascades,35.01281720972383
1977,Southern Cascades,35.01281720972383
1978,Southern Cascades,35.01281720972383
1979,Southern Cascades,35.01281720972383
1980,Southern Cascades,35.01281720972383
1981,Southern Cascades,35.01281720972383
1982,Southern Cascades,35.01281720972383
1983,Southern Cascades,35.01281720972383
1984,Southern Cascades,35.01281720972383
1985,Southern Cascades,19.640227694259668
1986,Southern Cascades,35.01281720972383
1987,Sierra Nevada,39.84342328433063
1988,Sierra Nevada,39.84342328433063
1989,Sierra Nevada,39.84342328433063
1990,Sierra Nevada,39.84342328433063
1991,Sierra Nevada,39.84342328433063
1992,Sierra Nevada,33.94136665160335
1993,Sierra Nevada,39.84342328433063
1994,Sierra Nevada,39.84342328433063
1995,Sierra Nevada,39.84342328433063
1996,Southern Cascades,35.01281720972383
1997,Southern Cascades,35.01281720972383
1998,Southern Cascades,21.87393002815114
1999,Southern Cascades,19.640227694259668
2e3,Southern Cascades,19.640227694259668
2001,Southern Cascades,19.640227694259668
2002,Southern Cascades,35.01281720972383
2003,Southern Cascades,35.01281720972383
2004,Southern Cascades,35.01281720972383
2005,Southern Cascades,35.01281720972383
2006,Southern Cascades,35.01281720972383
2007,Southern Cascades,35.01281720972383
2008,Southern Cascades,35.01281720972383
2009,Southern Cascades,35.01281720972383
2010,Southern Cascades,35.01281720972383
2011,Southern Cascades,35.01281720972383
2012,Southern Cascades,35.01281720972383
2013,Southern Cascades,35.01281720972383
2014,Southern Cascades,35.01281720972383
2015,Southern Cascades,35.01281720972383
2016,Southern Cascades,35.01281720972383
2017,Southern Cascades,35.01281720972383
2018,Southern Cascades,35.01281720972383
2019,Northern California Coast,29.33776275517837
2020,Northern California Coast,51.139050423697704
2021,Northern California Coast,51.139050423697704
2022,Northern California Coast,51.139050423697704
2023,Southern Cascades,35.01281720972383
2024,Southern Cascades,35.01281720972383
2025,Southern Cascades,21.87393002815114
2026,Southern Cascades,35.01281720972383
2027,Southern Cascades,35.01281720972383
2028,Southern Cascades,35.01281720972383
2029,Southern Cascades,35.01281720972383
2030,Southern Cascades,35.01281720972383
2031,Southern Cascades,35.01281720972383
2032,Southern Cascades,35.01281720972383
2033,Southern Cascades,21.87393002815114
2034,Southern Cascades,35.01281720972383
2035,Southern Cascades,35.01281720972383
2036,Southern Cascades,35.01281720972383
2037,Southern Cascades,35.01281720972383
2038,Southern Cascades,35.01281720972383
2039,Southern Cascades,35.01281720972383
2040,Sierra Nevada,39.84342328433063
2041,Sierra Nevada,39.84342328433063
2042,Sierra Nevada,39.84342328433063
2043,Sierra Nevada,39.84342328433063
2044,Sierra Nevada,21.083961686047175
2045,Sierra Nevada,21.083961686047175
2046,Sierra Nevada,39.84342328433063
2047,Sierra Nevada,21.083961686047175
2048,Sierra Nevada,39.84342328433063
2049,Sierra Nevada,39.84342328433063
2050,Sierra Nevada,39.84342328433063
2051,Sierra Nevada,39.84342328433063
2052,Sierra Nevada,39.84342328433063
2053,Southern Cascades,35.01281720972383
2054,Southern Cascades,35.01281720972383
2055,Southern Cascades,35.01281720972383
2056,Southern Cascades,35.01281720972383
2057,Southern Cascades,35.01281720972383
2058,Southern Cascades,35.01281720972383
2059,Southern Cascades,35.01281720972383
2060,Southern Cascades,35.01281720972383
2061,Southern Cascades,35.01281720972383
2062,Southern Cascades,35.01281720972383
2063,Southern Cascades,35.01281720972383
2064,Southern Cascades,35.01281720972383
2065,Southern Cascades,35.01281720972383
2066,Southern Cascades,35.01281720972383
2067,Southern Cascades,19.640227694259668
2068,Southern Cascades,35.01281720972383
2069,Southern Cascades,35.01281720972383
2070,Southern Cascades,35.01281720972383
2071,Southern Cascades,35.01281720972383
2072,Southern Cascades,35.01281720972383
2073,Southern Cascades,35.01281720972383
2074,Sierra Nevada Foothills,8.943886166741473
2075,Sierra Nevada,39.84342328433063
2076,Sierra Nevada,39.84342328433063
2077,Sierra Nevada,39.84342328433063
2078,Southern Cascades,19.640227694259668
2079,Southern Cascades,35.01281720972383
2080,Sierra Nevada,39.84342328433063
2081,Sierra Nevada,21.083961686047175
2082,Sierra Nevada,39.84342328433063
2083,Sierra Nevada,33.94136665160335
2084,Northern California Coast,51.139050423697704
2085,Northern California Coast,51.139050423697704
2086,Northern California Coast,51.139050423697704
2087,Northern California Coast,51.139050423697704
2088,Southern Cascades,35.01281720972383
2089,Sierra Nevada,39.84342328433063
2090,Sierra Nevada,39.84342328433063
2091,Sierra Nevada Foothills,8.943886166741473
2092,Sierra Nevada,39.84342328433063
2093,Sierra Nevada,39.84342328433063
2094,Sierra Nevada,39.84342328433063
2095,Sierra Nevada,39.84342328433063
2096,Sierra Nevada,39.84342328433063
2097,Sierra Nevada,39.84342328433063
2098,Sierra Nevada,39.84342328433063
2099,Sierra Nevada,39.84342328433063
2100,Sierra Nevada,39.84342328433063
2101,Sierra Nevada,39.84342328433063
2102,Sierra Nevada,21.083961686047175
2103,Southern Cascades,35.01281720972383
2104,Southern Cascades,21.87393002815114
2105,Southern Cascades,35.01281720972383
2106,Northern California Coast,51.139050423697704
2107,Southern Cascades,35.01281720972383
2108,Northern California Coast,51.139050423697704
2109,Southern Cascades,35.01281720972383
2110,Southern Cascades,35.01281720972383
2111,Southern Cascades,35.01281720972383
2112,Northern California Coast,51.139050423697704
2113,Southern Cascades,35.01281720972383
2114,Northern California Coast,51.139050423697704
2115,Southern Cascades,35.01281720972383
2116,Northern California Coast,51.139050423697704
2117,Southern Cascades,35.01281720972383
2118,Southern Cascades,35.01281720972383
2119,Northern California Coast,51.139050423697704
2120,Southern Cascades,35.01281720972383
2121,Southern Cascades,35.01281720972383
2122,Southern Cascades,35.01281720972383
2123,Northern California Coast,51.139050423697704
2124,Northern California Coast,51.139050423697704
2125,Northern California Coast,51.139050423697704
2126,Northern California Coast,51.139050423697704
2127,Sierra Nevada Foothills,8.943886166741473
2128,Sierra Nevada Foothills,8.943886166741473
2129,Sierra Nevada Foothills,8.943886166741473
2130,Southern Cascades,35.01281720972383
2131,Southern Cascades,35.01281720972383
2132,Southern Cascades,21.87393002815114
2133,Southern Cascades,35.01281720972383
2134,Southern Cascades,19.640227694259668
2135,Sierra Nevada,39.84342328433063
2136,Sierra Nevada,39.84342328433063
2137,Sierra Nevada,39.84342328433063
2138,Southern Cascades,35.01281720972383
2139,Sierra Nevada,33.94136665160335
2140,Southern Cascades,35.01281720972383
2141,Southern Cascades,35.01281720972383
2142,Southern Cascades,19.640227694259668
2143,Sierra Nevada,39.84342328433063
2144,Sierra Nevada,39.84342328433063
2145,Sierra Nevada,33.94136665160335
2146,Sierra Nevada,39.84342328433063
2147,Northern California Coast,51.139050423697704
2148,Sierra Nevada,21.083961686047175
2149,Southern Cascades,35.01281720972383
2150,Northern California Coast,51.139050423697704
2151,Northern California Coast,51.139050423697704
2152,Northern California Coast,51.139050423697704
2153,Northern California Coast,51.139050423697704
2154,Northern California Coast,51.139050423697704
2155,Southern Cascades,21.87393002815114
2156,Southern Cascades,35.01281720972383
2157,Southern Cascades,35.01281720972383
2158,Southern Cascades,35.01281720972383
2159,Southern Cascades,35.01281720972383
2160,Northern California Coast,51.139050423697704
2161,Northern California Coast,51.139050423697704
2162,Modoc Plateau,11.431829831787505
2163,Modoc Plateau,6.410541459897869
2164,Southern Cascades,35.01281720972383
2165,Modoc Plateau,6.410541459897869
2166,Western Basin and Range,0
2167,Western Basin and Range,0
2168,Western Basin and Range,0
2169,Western Basin and Range,0
2170,Central California Coast,25.387922776547775
2171,Central California Coast,25.387922776547775
2172,Central California Coast,25.387922776547775
2173,Northern California Coast,51.139050423697704
2174,Sierra Nevada,39.84342328433063
2175,Sierra Nevada,39.84342328433063
2176,Sierra Nevada,39.84342328433063
2177,Sierra Nevada,39.84342328433063
2178,Sierra Nevada Foothills,8.943886166741473
2179,Sierra Nevada,21.083961686047175
2180,Sierra Nevada,33.94136665160335
2181,Sierra Nevada,21.083961686047175
2182,Sierra Nevada,39.84342328433063
2183,Sierra Nevada,39.84342328433063
2184,Sierra Nevada,21.083961686047175
2185,Southern Cascades,19.640227694259668
2186,Sierra Nevada,39.84342328433063
2187,Sierra Nevada,39.84342328433063
2188,Southern Cascades,19.640227694259668
2189,Sierra Nevada,39.84342328433063
2190,Sierra Nevada,39.84342328433063
2191,Southern Cascades,35.01281720972383
2192,Sierra Nevada,39.84342328433063
2193,Sierra Nevada,39.84342328433063
2194,Sierra Nevada,33.94136665160335
2195,Sierra Nevada,39.84342328433063
2196,Sierra Nevada,39.84342328433063
2197,Southern Cascades,35.01281720972383
2198,Sierra Nevada,33.94136665160335
2199,Sierra Nevada,39.84342328433063
2200,Southern California Mountains,0.9806494487129571
2201,Southern California Mountains,18.087533626802795
2202,Southern California Mountains,18.087533626802795
2203,Central California Coast,76.46341286745687
2204,Central California Coast,76.46341286745687
2205,Southern Cascades,35.01281720972383
2206,Southern Cascades,19.640227694259668
2207,Southern Cascades,35.01281720972383
2208,Southern Cascades,21.87393002815114
2209,Southern Cascades,35.01281720972383
2210,Southern Cascades,35.01281720972383
2211,Southern Cascades,35.01281720972383
2212,Southern Cascades,35.01281720972383
2213,Southern Cascades,35.01281720972383
2214,Southern Cascades,35.01281720972383
2215,Southern Cascades,35.01281720972383
2216,Southern Cascades,35.01281720972383
2217,Southern Cascades,21.87393002815114
2218,Southern Cascades,35.01281720972383
2219,Sierra Nevada,39.84342328433063
2220,Sierra Nevada,39.84342328433063
2221,Sierra Nevada,39.84342328433063
2222,Sierra Nevada,39.84342328433063
2223,Sierra Nevada,39.84342328433063
2224,Sierra Nevada,39.84342328433063
2225,Sierra Nevada,21.083961686047175
2226,Sierra Nevada,33.94136665160335
2227,Sierra Nevada,39.84342328433063
2228,Sierra Nevada,39.84342328433063
2229,Southern Cascades,21.87393002815114
2230,Southern Cascades,19.640227694259668
2231,Southern Cascades,35.01281720972383
2232,Southern Cascades,35.01281720972383
2233,Southern Cascades,35.01281720972383
2234,Southern Cascades,35.01281720972383
2235,Southern Cascades,35.01281720972383
2236,Southern Cascades,35.01281720972383
2237,Southern Cascades,21.87393002815114
2238,Southern Cascades,35.01281720972383
2239,Southern Cascades,35.01281720972383
2240,Southern Cascades,35.01281720972383
2241,Southern Cascades,19.640227694259668
2242,Southern Cascades,35.01281720972383
2243,Southern Cascades,19.640227694259668
2244,Southern Cascades,35.01281720972383
2245,Southern Cascades,35.01281720972383
2246,Southern Cascades,19.640227694259668
2247,Southern Cascades,35.01281720972383
2248,Southern Cascades,35.01281720972383
2249,Southern Cascades,35.01281720972383
2250,Southern Cascades,35.01281720972383
2251,Southern Cascades,35.01281720972383
2252,Southern Cascades,35.01281720972383
2253,Southern Cascades,35.01281720972383
2254,Southern Cascades,35.01281720972383
2255,Southern Cascades,35.01281720972383
2256,Northern California Coast,51.139050423697704
2257,Southern Cascades,35.01281720972383
2258,Northern California Coast,51.139050423697704
2259,Northern California Coast,51.139050423697704
2260,California Central Valley Basin,12.094675776424985
2261,Southern Cascades,35.01281720972383
2262,Southern Cascades,19.640227694259668
2263,Southern Cascades,35.01281720972383
2264,Southern Cascades,35.01281720972383
2265,California Central Valley Basin,12.094675776424985
2266,Southern Cascades,35.01281720972383
2267,Southern Cascades,35.01281720972383
2268,Southern Cascades,35.01281720972383
2269,Southern Cascades,35.01281720972383
2270,Southern Cascades,35.01281720972383
2271,Southern Cascades,35.01281720972383
2272,Southern Cascades,35.01281720972383
2273,Southern Cascades,35.01281720972383
2274,Southern Cascades,35.01281720972383
2275,Southern Cascades,35.01281720972383
2276,Southern Cascades,35.01281720972383
2277,Southern Cascades,35.01281720972383
2278,Southern Cascades,35.01281720972383
2279,Southern Cascades,19.640227694259668
2280,Southern Cascades,35.01281720972383
2281,Southern Cascades,35.01281720972383
2282,Southern Cascades,35.01281720972383
2283,Sierra Nevada,39.84342328433063
2284,Sierra Nevada,39.84342328433063
2285,Sierra Nevada,33.94136665160335
2286,Sierra Nevada,39.84342328433063
2287,Sierra Nevada,39.84342328433063
2288,Sierra Nevada,39.84342328433063
2289,Sierra Nevada,39.84342328433063
